game_id,season,week,season_type,start_date,neutral_site,conference_game,home_team,home_conference,home_points,away_team,away_conference,away_points,home_pregame_elo,away_pregame_elo,excitement_index,point_diff,total_points
401218616,2020,1,regular,2020-08-30T01:00:00.000Z,True,False,Central Arkansas,Southland,24,Austin Peay,OVC,17,,,,7,41
401238035,2020,1,regular,2020-09-04T00:00:00.000Z,False,False,UAB,Conference USA,45,Central Arkansas,Southland,35,,,2.226002,10,80
401207101,2020,1,regular,2020-09-04T01:00:00.000Z,False,False,Southern Miss,Conference USA,21,South Alabama,Sun Belt,32,1451.0,1227.0,5.58695,-11,53
401237353,2020,1,regular,2020-09-05T17:00:00.000Z,False,False,Marshall,Conference USA,59,Eastern Kentucky,OVC,0,,,1.1456028928,59,59
401235700,2020,1,regular,2020-09-05T17:30:00.000Z,False,False,Army,FBS Independents,42,Middle Tennessee,Conference USA,0,1495.0,1429.0,2.4709131227,42,42
401212484,2020,1,regular,2020-09-05T20:30:00.000Z,False,False,Texas State,Sun Belt,24,SMU,American Athletic,31,1193.0,1557.0,3.2882211247,-7,55
401207098,2020,1,regular,2020-09-05T23:30:00.000Z,False,False,North Texas,Conference USA,57,Houston Christian,Southland,31,,,1.6443047117,26,88
401212553,2020,1,regular,2020-09-06T00:00:00.000Z,False,False,Memphis,American Athletic,37,Arkansas State,Sun Belt,24,1698.0,1431.0,3.8455083297,13,61
401239884,2020,1,regular,2020-09-06T01:00:00.000Z,False,False,UTEP,Conference USA,24,Stephen F. Austin,Southland,14,,,6.510044664,10,38
401234576,2020,1,regular,2020-09-08T00:00:00.000Z,False,False,Navy,American Athletic,3,BYU,FBS Independents,55,1625.0,1513.0,1.7226811047,-52,58
401234559,2020,2,regular,2020-09-11T00:00:00.000Z,False,False,Miami,ACC,31,UAB,Conference USA,14,1528.0,1399.0,3.686792617,17,45
401234565,2020,2,regular,2020-09-12T16:00:00.000Z,False,True,North Carolina,ACC,31,Syracuse,ACC,6,1615.0,1481.0,3.2978536983,25,37
401236038,2020,2,regular,2020-09-12T16:00:00.000Z,False,False,West Virginia,Big 12,56,Eastern Kentucky,OVC,10,,,1.0520707724,46,66
401236221,2020,2,regular,2020-09-12T16:00:00.000Z,False,False,Iowa State,Big 12,14,Louisiana,Sun Belt,31,1663.0,1651.0,4.777614325,-17,45
401236081,2020,2,regular,2020-09-12T16:00:00.000Z,False,False,App State,Sun Belt,35,Charlotte,Conference USA,20,1696.0,1377.0,5.0994058158,15,55
401236053,2020,2,regular,2020-09-12T16:00:00.000Z,False,False,Kansas State,Big 12,31,Arkansas State,Sun Belt,35,1632.0,1427.0,7.1983025295,-4,66
401240113,2020,2,regular,2020-09-12T17:30:00.000Z,False,False,Army,FBS Independents,37,UL Monroe,Sun Belt,7,1610.0,1305.0,1.7599924498,30,44
401234574,2020,2,regular,2020-09-12T18:30:00.000Z,False,True,Notre Dame,FBS Independents,27,Duke,ACC,13,1833.0,1411.0,3.637262785,14,40
401207113,2020,2,regular,2020-09-12T19:30:00.000Z,False,False,Texas State,Sun Belt,48,UTSA,Conference USA,51,1206.0,1222.0,8.0968410558,-3,99
401240233,2020,2,regular,2020-09-12T20:00:00.000Z,False,False,Pittsburgh,ACC,55,Austin Peay,OVC,0,,,1.1571226423,55,55
401234563,2020,2,regular,2020-09-12T20:00:00.000Z,False,True,Florida State,ACC,13,Georgia Tech,ACC,16,1496.0,1341.0,5.8038345134,-3,29
401215298,2020,2,regular,2020-09-12T20:14:00.000Z,False,False,Georgia Southern,Sun Belt,27,Campbell,Big South,26,,,6.9344930237,1,53
401236054,2020,2,regular,2020-09-12T23:00:00.000Z,False,False,Oklahoma,Big 12,48,Missouri State,MVFC,0,,,1.0134807925,48,48
401240039,2020,2,regular,2020-09-12T23:00:00.000Z,False,False,South Florida,American Athletic,27,The Citadel,Southern,6,,,2.9737388347,21,33
401234562,2020,2,regular,2020-09-12T23:30:00.000Z,False,True,Wake Forest,ACC,13,Clemson,ACC,37,1510.0,2062.0,0.2919910883,-24,50
401239973,2020,2,regular,2020-09-12T23:30:00.000Z,False,False,South Alabama,Sun Belt,24,Tulane,American Athletic,27,1272.0,1531.0,8.4177973424,-3,51
401234564,2020,2,regular,2020-09-13T00:00:00.000Z,False,False,Louisville,ACC,35,Western Kentucky,Conference USA,21,1437.0,1515.0,2.872543934,14,56
401236222,2020,2,regular,2020-09-13T00:00:00.000Z,False,False,Texas,Big 12,59,UTEP,Conference USA,3,1744.0,1145.0,1.0180516733,56,62
401236039,2020,2,regular,2020-09-13T00:00:00.000Z,False,False,Texas Tech,Big 12,35,Houston Christian,Southland,33,,,2.1597584691,2,68
401236658,2020,2,regular,2020-09-13T02:00:00.000Z,False,False,Kansas,Big 12,23,Coastal Carolina,Sun Belt,38,1315.0,1316.0,3.3118189868,-15,61
401240126,2020,3,regular,2020-09-18T23:30:00.000Z,False,False,Coastal Carolina,Sun Belt,43,Campbell,Big South,21,,,1.5471460721,22,64
401212541,2020,3,regular,2020-09-19T16:00:00.000Z,False,False,Cincinnati,American Athletic,55,Austin Peay,OVC,20,,,1.1096572091,35,75
401234567,2020,3,regular,2020-09-19T16:00:00.000Z,False,True,Duke,ACC,6,Boston College,ACC,26,1416.0,1465.0,4.6771712511,-20,32
401212522,2020,3,regular,2020-09-19T16:00:00.000Z,False,True,Tulane,American Athletic,24,Navy,American Athletic,27,1521.0,1438.0,4.6042706648,-3,51
401236041,2020,3,regular,2020-09-19T16:00:00.000Z,False,False,Oklahoma State,Big 12,16,Tulsa,American Athletic,7,1596.0,1413.0,6.4507386828,9,23
401215301,2020,3,regular,2020-09-19T16:00:00.000Z,False,True,Georgia State,Sun Belt,31,Louisiana,Sun Belt,34,1305.0,1693.0,10.516580686,-3,65
401234571,2020,3,regular,2020-09-19T16:00:00.000Z,False,True,Pittsburgh,ACC,21,Syracuse,ACC,10,1503.0,1433.0,3.715638939,11,31
401207124,2020,3,regular,2020-09-19T16:00:00.000Z,False,False,Western Kentucky,Conference USA,24,Liberty,FBS Independents,30,1480.0,1390.0,5.9776053659,-6,54
401241282,2020,3,regular,2020-09-19T18:30:00.000Z,False,False,Notre Dame,FBS Independents,52,South Florida,American Athletic,0,1828.0,1335.0,1.2391030155,52,52
401236939,2020,3,regular,2020-09-19T19:30:00.000Z,False,False,Marshall,Conference USA,17,App State,Sun Belt,7,1464.0,1700.0,7.114579305,10,24
401234568,2020,3,regular,2020-09-19T19:30:00.000Z,False,False,Georgia Tech,ACC,21,UCF,American Athletic,49,1355.0,1757.0,3.0977925754,-28,70
401240041,2020,3,regular,2020-09-19T19:30:00.000Z,False,False,UTSA,Conference USA,24,Stephen F. Austin,Southland,10,,,3.7329129012,14,34
401240640,2020,3,regular,2020-09-19T19:30:00.000Z,False,False,Middle Tennessee,Conference USA,14,Troy,Sun Belt,47,1314.0,1388.0,3.3683983995,-33,61
401237492,2020,3,regular,2020-09-19T20:00:00.000Z,False,False,Clemson,ACC,49,The Citadel,Southern,0,,,1.0102957486,49,49
401207120,2020,3,regular,2020-09-19T22:00:00.000Z,False,False,North Texas,Conference USA,35,SMU,American Athletic,65,1384.0,1544.0,1.2213852656,-30,100
401215302,2020,3,regular,2020-09-19T23:30:00.000Z,False,True,UL Monroe,Sun Belt,17,Texas State,Sun Belt,38,1261.0,1202.0,3.4710018172,-21,55
401234569,2020,3,regular,2020-09-19T23:30:00.000Z,False,True,Louisville,ACC,34,Miami,ACC,47,1472.0,1553.0,3.5186606945,-13,81
401207106,2020,3,regular,2020-09-19T23:30:00.000Z,False,True,Southern Miss,Conference USA,30,Louisiana Tech,Conference USA,31,1406.0,1536.0,5.5944485365,-1,61
401234570,2020,3,regular,2020-09-20T00:00:00.000Z,False,True,NC State,ACC,45,Wake Forest,ACC,42,1347.0,1506.0,9.813293487,3,87
401239885,2020,3,regular,2020-09-20T01:00:00.000Z,False,False,UTEP,Conference USA,17,Abilene Christian,Southland,13,,,5.6544768066,4,30
401207132,2020,4,regular,2020-09-24T23:30:00.000Z,False,False,South Alabama,Sun Belt,10,UAB,Conference USA,42,1282.0,1374.0,2.2304695652,-32,52
401207134,2020,4,regular,2020-09-26T00:00:00.000Z,False,False,UTSA,Conference USA,37,Middle Tennessee,Conference USA,35,1226.0,1229.0,7.2759253539,2,72
401235996,2020,4,regular,2020-09-26T16:00:00.000Z,False,True,Oklahoma,Big 12,35,Kansas State,Big 12,38,1771.0,1611.0,2.5534931328,-3,73
401237034,2020,4,regular,2020-09-26T16:00:00.000Z,False,True,Auburn,SEC,29,Kentucky,SEC,13,1782.0,1649.0,6.4747765544,16,42
401215303,2020,4,regular,2020-09-26T16:00:00.000Z,False,True,Louisiana,Sun Belt,20,Georgia Southern,Sun Belt,18,1676.0,1465.0,6.8051293194,2,38
401234595,2020,4,regular,2020-09-26T16:00:00.000Z,False,True,Pittsburgh,ACC,23,Louisville,ACC,20,1518.0,1451.0,7.1413906815,3,43
401236952,2020,4,regular,2020-09-26T16:00:00.000Z,False,True,Ole Miss,SEC,35,Florida,SEC,51,1558.0,1778.0,3.2136726644,-16,86
401234594,2020,4,regular,2020-09-26T16:00:00.000Z,False,True,Syracuse,ACC,37,Georgia Tech,ACC,20,1418.0,1325.0,7.2956174238,17,57
401236253,2020,4,regular,2020-09-26T16:00:00.000Z,False,False,App State,Sun Belt,52,Campbell,Big South,21,,,2.1694747215,31,73
401212536,2020,4,regular,2020-09-26T16:00:00.000Z,False,True,East Carolina,American Athletic,28,UCF,American Athletic,51,1237.0,1787.0,1.3759895565,-23,79
401237493,2020,4,regular,2020-09-26T17:00:00.000Z,False,False,The Citadel,Southern,14,Eastern Kentucky,OVC,37,,,,-23,51
401207126,2020,4,regular,2020-09-26T17:00:00.000Z,False,False,Liberty,FBS Independents,36,Florida International,Conference USA,34,1408.0,1383.0,7.1424725496,2,70
401235994,2020,4,regular,2020-09-26T17:30:00.000Z,False,True,TCU,Big 12,34,Iowa State,Big 12,37,1583.0,1621.0,7.792093109,-3,71
401240996,2020,4,regular,2020-09-26T19:30:00.000Z,False,False,Cincinnati,American Athletic,24,Army,FBS Independents,10,1673.0,1654.0,5.4817205335,14,34
401235995,2020,4,regular,2020-09-26T19:30:00.000Z,False,True,Texas Tech,Big 12,56,Texas,Big 12,63,1525.0,1833.0,6.1244761314,-7,119
401240194,2020,4,regular,2020-09-26T19:30:00.000Z,False,False,UL Monroe,Sun Belt,6,UTEP,Conference USA,31,1200.0,1056.0,2.4813557374,-25,37
401235997,2020,4,regular,2020-09-26T19:30:00.000Z,False,True,Oklahoma State,Big 12,27,West Virginia,Big 12,13,1599.0,1507.0,5.4786056479,14,40
401237035,2020,4,regular,2020-09-26T19:30:00.000Z,False,True,LSU,SEC,34,Mississippi State,SEC,44,2061.0,1550.0,8.0429060239,-10,78
401234638,2020,4,regular,2020-09-26T20:00:00.000Z,False,True,Virginia,ACC,38,Duke,ACC,20,1609.0,1371.0,8.2935602524,18,58
401237033,2020,4,regular,2020-09-26T20:00:00.000Z,False,True,Arkansas,SEC,10,Georgia,SEC,37,1307.0,1832.0,3.6135901615,-27,47
401241303,2020,4,regular,2020-09-26T22:00:00.000Z,False,False,Boston College,ACC,24,Texas State,Sun Belt,21,1510.0,1263.0,8.0038186235,3,45
401234734,2020,4,regular,2020-09-26T23:00:00.000Z,False,False,Southern Miss,Conference USA,24,Tulane,American Athletic,66,1411.0,1511.0,3.823246856,-42,90
401236951,2020,4,regular,2020-09-26T23:00:00.000Z,False,True,Missouri,SEC,19,Alabama,SEC,38,1592.0,1962.0,0.4675226869,-19,57
401232157,2020,4,regular,2020-09-26T23:00:00.000Z,False,False,Louisiana Tech,Conference USA,66,Houston Christian,Southland,38,,,2.0386889855,28,104
401212485,2020,4,regular,2020-09-26T23:00:00.000Z,False,False,SMU,American Athletic,50,Stephen F. Austin,Southland,7,,,1.0793084884,43,57
401234593,2020,4,regular,2020-09-26T23:30:00.000Z,False,True,Miami,ACC,52,Florida State,ACC,10,1574.0,1482.0,1.9746740462,42,62
401235993,2020,4,regular,2020-09-26T23:30:00.000Z,False,True,Baylor,Big 12,47,Kansas,Big 12,14,1717.0,1280.0,3.1473599929,33,61
401237036,2020,4,regular,2020-09-26T23:30:00.000Z,False,True,South Carolina,SEC,27,Tennessee,SEC,31,1498.0,1545.0,7.2541515894,-4,58
401237037,2020,4,regular,2020-09-26T23:30:00.000Z,False,True,Texas A&M,SEC,17,Vanderbilt,SEC,12,1647.0,1289.0,2.7808650362,5,29
401236381,2020,4,regular,2020-09-27T00:00:00.000Z,False,False,Central Arkansas,Southland,27,Missouri State,MVFC,20,,,,7,47
401234566,2020,4,regular,2020-09-27T00:00:00.000Z,False,True,Virginia Tech,ACC,45,NC State,ACC,24,1623.0,1350.0,2.5416915298,21,69
401236223,2020,4,regular,2020-09-27T02:15:00.000Z,False,False,BYU,FBS Independents,48,Troy,Sun Belt,7,1700.0,1473.0,2.3144406494,41,55
401240282,2020,5,regular,2020-10-02T23:00:00.000Z,False,False,Wake Forest,ACC,66,Campbell,Big South,14,,,1.2817685774,52,80
401246275,2020,5,regular,2020-10-03T01:00:00.000Z,False,False,BYU,FBS Independents,45,Louisiana Tech,Conference USA,14,1789.0,1531.0,1.8450869083,31,59
401212547,2020,5,regular,2020-10-03T16:00:00.000Z,False,False,Georgia State,Sun Belt,49,East Carolina,American Athletic,29,1322.0,1235.0,3.42687323,20,78
401234600,2020,5,regular,2020-10-03T16:00:00.000Z,False,True,Pittsburgh,ACC,29,NC State,ACC,30,1518.0,1328.0,8.5382404333,-1,59
401237096,2020,5,regular,2020-10-03T16:00:00.000Z,False,True,Florida,SEC,38,South Carolina,SEC,24,1794.0,1495.0,3.2530307431,14,62
401215304,2020,5,regular,2020-10-03T16:00:00.000Z,False,True,Coastal Carolina,Sun Belt,52,Arkansas State,Sun Belt,23,1351.0,1448.0,4.4686036552,29,75
401236002,2020,5,regular,2020-10-03T16:00:00.000Z,False,True,Texas,Big 12,31,TCU,Big 12,33,1824.0,1581.0,9.3606579599,-2,64
401237099,2020,5,regular,2020-10-03T16:00:00.000Z,False,True,Tennessee,SEC,35,Missouri,SEC,12,1548.0,1582.0,2.9489300607,23,47
401235998,2020,5,regular,2020-10-03T16:00:00.000Z,False,True,West Virginia,Big 12,27,Baylor,Big 12,21,1487.0,1756.0,8.5007448642,6,48
401207141,2020,5,regular,2020-10-03T16:30:00.000Z,False,True,UAB,Conference USA,21,UTSA,Conference USA,13,1453.0,1227.0,3.4063003904,8,34
401237513,2020,5,regular,2020-10-03T17:00:00.000Z,False,False,Liberty,FBS Independents,28,North Alabama,Big South,7,,,1.5884531986,21,35
401240040,2020,5,regular,2020-10-03T17:30:00.000Z,False,False,Army,FBS Independents,55,Abilene Christian,Southland,23,,,1.2958834861,32,78
401246566,2020,5,regular,2020-10-03T19:00:00.000Z,False,False,Eastern Kentucky,OVC,30,Houston Christian,Southland,33,,,,-3,63
401212476,2020,5,regular,2020-10-03T19:30:00.000Z,False,True,Cincinnati,American Athletic,28,South Florida,American Athletic,7,1700.0,1245.0,2.1158551635,21,35
401240124,2020,5,regular,2020-10-03T19:30:00.000Z,False,False,North Dakota State,MVFC,39,Central Arkansas,Southland,28,,,,11,67
401236001,2020,5,regular,2020-10-03T19:30:00.000Z,False,True,Kansas State,Big 12,31,Texas Tech,Big 12,21,1626.0,1534.0,7.3498425625,10,52
401236000,2020,5,regular,2020-10-03T19:30:00.000Z,False,True,Kansas,Big 12,7,Oklahoma State,Big 12,47,1241.0,1619.0,0.8931310336,-40,54
401237093,2020,5,regular,2020-10-03T19:30:00.000Z,False,True,Alabama,SEC,52,Texas A&M,SEC,24,1972.0,1638.0,2.425828377,28,76
401234597,2020,5,regular,2020-10-03T19:30:00.000Z,False,True,Boston College,ACC,22,North Carolina,ACC,26,1508.0,1663.0,4.1123972836,-4,48
401212486,2020,5,regular,2020-10-03T19:30:00.000Z,False,True,SMU,American Athletic,30,Memphis,American Athletic,27,1608.0,1702.0,10.0393442141,3,57
401237097,2020,5,regular,2020-10-03T20:00:00.000Z,False,True,Kentucky,SEC,41,Ole Miss,SEC,42,1627.0,1542.0,7.3354920286,-1,83
401234599,2020,5,regular,2020-10-03T20:00:00.000Z,False,True,Duke,ACC,31,Virginia Tech,ACC,38,1353.0,1645.0,6.7209567322,-7,69
401207136,2020,5,regular,2020-10-03T20:00:00.000Z,False,True,Florida Atlantic,Conference USA,21,Charlotte,Conference USA,17,1685.0,1373.0,6.3515087519,4,38
401238034,2020,5,regular,2020-10-03T20:00:00.000Z,False,False,Florida State,ACC,41,Jacksonville State,OVC,24,,,4.9413060611,17,65
401240042,2020,5,regular,2020-10-03T21:00:00.000Z,False,False,Stephen F. Austin,Southland,34,West Texas A&M,Lone Star,6,,,,28,40
401207138,2020,5,regular,2020-10-03T21:00:00.000Z,False,True,Middle Tennessee,Conference USA,17,Western Kentucky,Conference USA,20,1228.0,1462.0,6.227524124,-3,37
401212557,2020,5,regular,2020-10-03T22:00:00.000Z,False,False,Air Force,Mountain West,40,Navy,American Athletic,7,1645.0,1448.0,4.705105358,33,47
401215305,2020,5,regular,2020-10-03T23:00:00.000Z,False,True,UL Monroe,Sun Belt,30,Georgia Southern,Sun Belt,35,1114.0,1467.0,3.4335208973,-5,65
401212531,2020,5,regular,2020-10-03T23:30:00.000Z,False,True,UCF,American Athletic,26,Tulsa,American Athletic,34,1789.0,1410.0,5.27841812,-8,60
401237094,2020,5,regular,2020-10-03T23:30:00.000Z,False,True,Mississippi State,SEC,14,Arkansas,SEC,21,1623.0,1292.0,7.0631136004,-7,35
401235999,2020,5,regular,2020-10-03T23:30:00.000Z,False,True,Iowa State,Big 12,37,Oklahoma,Big 12,30,1623.0,1756.0,7.5507465157,7,67
401237095,2020,5,regular,2020-10-03T23:30:00.000Z,False,True,Georgia,SEC,27,Auburn,SEC,6,1847.0,1804.0,2.7140319898,21,33
401237098,2020,5,regular,2020-10-03T23:30:00.000Z,False,True,Vanderbilt,SEC,7,LSU,SEC,41,1298.0,1988.0,1.3522419006,-34,48
401207139,2020,5,regular,2020-10-03T23:30:00.000Z,False,True,North Texas,Conference USA,31,Southern Miss,Conference USA,41,1320.0,1298.0,4.3874451439,-10,72
401234598,2020,5,regular,2020-10-04T00:00:00.000Z,False,True,Clemson,ACC,41,Virginia,ACC,23,2066.0,1627.0,1.6176991446,18,64
401212523,2020,6,regular,2020-10-08T23:30:00.000Z,False,True,Houston,American Athletic,49,Tulane,American Athletic,31,1468.0,1624.0,7.2650421836,18,80
401234601,2020,6,regular,2020-10-09T23:00:00.000Z,False,True,Georgia Tech,ACC,46,Louisville,ACC,27,1297.0,1451.0,7.6275571216,19,73
401234607,2020,6,regular,2020-10-10T16:00:00.000Z,False,True,North Carolina,ACC,56,Virginia Tech,ACC,45,1660.0,1637.0,3.6961508611,11,101
401237106,2020,6,regular,2020-10-10T16:00:00.000Z,False,True,Vanderbilt,SEC,7,South Carolina,SEC,41,1282.0,1491.0,2.2451501715,-34,48
401234608,2020,6,regular,2020-10-10T16:00:00.000Z,False,True,Virginia,ACC,21,NC State,ACC,38,1626.0,1339.0,4.6333302924,-17,59
401236005,2020,6,regular,2020-10-10T16:00:00.000Z,True,True,Oklahoma,Big 12,53,Texas,Big 12,45,1739.0,1807.0,8.6816042593,8,98
401237105,2020,6,regular,2020-10-10T16:00:00.000Z,False,True,LSU,SEC,41,Missouri,SEC,45,2004.0,1522.0,7.0747603187,-4,86
401237102,2020,6,regular,2020-10-10T16:00:00.000Z,False,True,Texas A&M,SEC,41,Florida,SEC,38,1603.0,1798.0,7.8055267179,3,79
401207215,2020,6,regular,2020-10-10T16:00:00.000Z,False,False,Liberty,FBS Independents,40,UL Monroe,Sun Belt,7,1408.0,1128.0,1.7665929963,33,47
401234605,2020,6,regular,2020-10-10T16:30:00.000Z,False,True,Syracuse,ACC,24,Duke,ACC,38,1446.0,1361.0,6.1493754913,-14,62
401240114,2020,6,regular,2020-10-10T17:30:00.000Z,False,False,Army,FBS Independents,14,The Citadel,Southern,9,,,2.4772366655,5,23
401240117,2020,6,regular,2020-10-10T19:00:00.000Z,False,False,Jacksonville State,OVC,34,Mercer,Southern,28,,,,6,62
401246425,2020,6,regular,2020-10-10T19:30:00.000Z,False,False,Arkansas State,Sun Belt,50,Central Arkansas,Southland,27,,,4.400208162,23,77
401215308,2020,6,regular,2020-10-10T19:30:00.000Z,False,True,Troy,Sun Belt,37,Texas State,Sun Belt,17,1384.0,1265.0,3.4719506811,20,54
401236003,2020,6,regular,2020-10-10T19:30:00.000Z,False,True,Iowa State,Big 12,31,Texas Tech,Big 12,15,1640.0,1523.0,3.3395836965,16,46
401237103,2020,6,regular,2020-10-10T19:30:00.000Z,False,True,Georgia,SEC,44,Tennessee,SEC,21,1892.0,1608.0,5.5111585585,23,65
401240997,2020,6,regular,2020-10-10T19:30:00.000Z,False,False,BYU,FBS Independents,27,UTSA,Conference USA,20,1842.0,1228.0,2.297505086,7,47
401236004,2020,6,regular,2020-10-10T20:00:00.000Z,False,True,TCU,Big 12,14,Kansas State,Big 12,21,1598.0,1637.0,6.0663806318,-7,35
401237101,2020,6,regular,2020-10-10T20:00:00.000Z,False,True,Auburn,SEC,30,Arkansas,SEC,28,1759.0,1334.0,4.5095264924,2,58
401234603,2020,6,regular,2020-10-10T20:00:00.000Z,False,True,Boston College,ACC,31,Pittsburgh,ACC,30,1511.0,1507.0,10.9292246396,1,61
401207143,2020,6,regular,2020-10-10T20:00:00.000Z,False,True,Florida International,Conference USA,28,Middle Tennessee,Conference USA,31,1383.0,1237.0,8.9714024661,-3,59
401212515,2020,6,regular,2020-10-10T22:00:00.000Z,False,True,Navy,American Athletic,31,Temple,American Athletic,29,1382.0,1411.0,6.0701392596,2,60
401212477,2020,6,regular,2020-10-10T23:00:00.000Z,False,True,South Florida,American Athletic,24,East Carolina,American Athletic,44,1239.0,1197.0,3.3496708514,-20,68
401237104,2020,6,regular,2020-10-10T23:30:00.000Z,False,True,Kentucky,SEC,24,Mississippi State,SEC,2,1622.0,1581.0,4.5691954817,22,26
401207146,2020,6,regular,2020-10-10T23:30:00.000Z,False,True,Western Kentucky,Conference USA,14,Marshall,Conference USA,38,1453.0,1499.0,1.5482109524,-24,52
401234606,2020,6,regular,2020-10-10T23:30:00.000Z,False,True,Notre Dame,FBS Independents,42,Florida State,ACC,26,1918.0,1371.0,2.5980190367,16,68
401207145,2020,6,regular,2020-10-10T23:30:00.000Z,False,True,Louisiana Tech,Conference USA,21,UTEP,Conference USA,17,1478.0,1142.0,5.0492498276,4,38
401234604,2020,6,regular,2020-10-10T23:30:00.000Z,False,True,Clemson,ACC,42,Miami,ACC,17,2067.0,1685.0,2.9167178748,25,59
401237100,2020,6,regular,2020-10-10T23:30:00.000Z,False,True,Ole Miss,SEC,48,Alabama,SEC,63,1547.0,2007.0,4.6125822772,-15,111
401207142,2020,6,regular,2020-10-11T00:00:00.000Z,False,True,North Texas,Conference USA,21,Charlotte,Conference USA,49,1297.0,1379.0,3.1896961638,-28,70
401215311,2020,7,regular,2020-10-14T23:30:00.000Z,False,True,Louisiana,Sun Belt,27,Coastal Carolina,Sun Belt,30,1674.0,1440.0,7.90648648,-3,57
401215310,2020,7,regular,2020-10-15T23:30:00.000Z,False,True,Arkansas State,Sun Belt,59,Georgia State,Sun Belt,52,1359.0,1360.0,10.147175714,7,111
401212487,2020,7,regular,2020-10-16T22:00:00.000Z,False,True,Tulane,American Athletic,34,SMU,American Athletic,37,1567.0,1610.0,9.9710737315,-3,71
401212551,2020,7,regular,2020-10-17T01:30:00.000Z,False,False,Houston,American Athletic,26,BYU,FBS Independents,43,1525.0,1821.0,7.0420134215,-17,69
401212548,2020,7,regular,2020-10-17T16:00:00.000Z,False,True,East Carolina,American Athletic,23,Navy,American Athletic,27,1252.0,1383.0,5.645046822,-4,50
401237111,2020,7,regular,2020-10-17T16:00:00.000Z,False,True,Tennessee,SEC,7,Kentucky,SEC,34,1581.0,1671.0,3.9596132776,-27,41
401234615,2020,7,regular,2020-10-17T16:00:00.000Z,False,False,Syracuse,ACC,21,Liberty,FBS Independents,38,1405.0,1464.0,3.2652742672,-17,59
401215313,2020,7,regular,2020-10-17T16:00:00.000Z,False,True,South Alabama,Sun Belt,30,Texas State,Sun Belt,20,1203.0,1230.0,8.10947758,10,50
401234610,2020,7,regular,2020-10-17T16:00:00.000Z,False,True,Georgia Tech,ACC,7,Clemson,ACC,73,1357.0,2089.0,0.6706401517,-66,80
401234614,2020,7,regular,2020-10-17T16:00:00.000Z,False,True,Miami,ACC,31,Pittsburgh,ACC,19,1663.0,1506.0,4.5182186518,12,50
401237109,2020,7,regular,2020-10-17T16:00:00.000Z,False,True,South Carolina,SEC,30,Auburn,SEC,22,1562.0,1754.0,6.894726083,8,52
401236007,2020,7,regular,2020-10-17T16:00:00.000Z,False,True,West Virginia,Big 12,38,Kansas,Big 12,17,1509.0,1172.0,4.1037290805,21,55
401212478,2020,7,regular,2020-10-17T16:00:00.000Z,False,True,Temple,American Athletic,39,South Florida,American Athletic,37,1410.0,1184.0,8.20112373,2,76
401207153,2020,7,regular,2020-10-17T17:30:00.000Z,False,True,UAB,Conference USA,37,Western Kentucky,Conference USA,14,1452.0,1395.0,3.682893084,23,51
401240115,2020,7,regular,2020-10-17T17:30:00.000Z,False,False,UTSA,Conference USA,16,Army,FBS Independents,28,1249.0,1627.0,4.2536783659,-12,44
401240034,2020,7,regular,2020-10-17T18:00:00.000Z,False,False,North Alabama,Big South,17,Jacksonville State,OVC,24,,,,-7,41
401234613,2020,7,regular,2020-10-17T18:30:00.000Z,False,True,Notre Dame,FBS Independents,12,Louisville,ACC,7,1907.0,1391.0,4.3503868575,5,19
401212537,2020,7,regular,2020-10-17T19:30:00.000Z,False,True,Memphis,American Athletic,50,UCF,American Athletic,49,1700.0,1739.0,6.653379779,1,99
401234611,2020,7,regular,2020-10-17T19:30:00.000Z,False,True,NC State,ACC,31,Duke,ACC,20,1413.0,1402.0,8.1941919923,11,51
401237108,2020,7,regular,2020-10-17T19:30:00.000Z,False,True,Arkansas,SEC,33,Ole Miss,SEC,21,1339.0,1554.0,5.5243692179,12,54
401239872,2020,7,regular,2020-10-17T19:30:00.000Z,False,False,Troy,Sun Belt,31,Eastern Kentucky,OVC,29,,,3.5419827481,2,60
401234616,2020,7,regular,2020-10-17T20:00:00.000Z,False,True,Wake Forest,ACC,40,Virginia,ACC,23,1503.0,1552.0,7.2306981647,17,63
401237112,2020,7,regular,2020-10-17T20:00:00.000Z,False,True,Mississippi State,SEC,14,Texas A&M,SEC,28,1532.0,1607.0,3.0487644343,-14,42
401250215,2020,7,regular,2020-10-17T20:00:00.000Z,False,False,Georgia Southern,Sun Belt,41,Massachusetts,FBS Independents,0,1453.0,955.0,1.1194732841,41,41
401249652,2020,7,regular,2020-10-17T21:00:00.000Z,False,False,Stephen F. Austin,Southland,31,Angelo State,Lone Star,12,,,,19,43
401207150,2020,7,regular,2020-10-17T21:00:00.000Z,False,True,Middle Tennessee,Conference USA,35,North Texas,Conference USA,52,1251.0,1230.0,4.9751022821,-17,87
401207149,2020,7,regular,2020-10-17T22:00:00.000Z,False,True,Louisiana Tech,Conference USA,17,Marshall,Conference USA,35,1472.0,1557.0,2.454103073,-18,52
401234612,2020,7,regular,2020-10-17T23:30:00.000Z,False,True,Florida State,ACC,31,North Carolina,ACC,28,1382.0,1678.0,6.2430985796,3,59
401236382,2020,7,regular,2020-10-18T00:00:00.000Z,False,False,Missouri State,MVFC,24,Central Arkansas,Southland,33,,,,-9,57
401234609,2020,7,regular,2020-10-18T00:00:00.000Z,False,True,Virginia Tech,ACC,40,Boston College,ACC,14,1619.0,1512.0,4.1545237356,26,54
401237107,2020,7,regular,2020-10-18T00:00:00.000Z,False,True,Alabama,SEC,41,Georgia,SEC,24,2000.0,1919.0,6.2194428,17,65
401240642,2020,8,regular,2020-10-22T23:30:00.000Z,False,True,App State,Sun Belt,45,Arkansas State,Sun Belt,17,1665.0,1369.0,2.7269212972,28,62
401250783,2020,8,regular,2020-10-23T23:00:00.000Z,False,False,Florida International,Conference USA,10,Jacksonville State,OVC,19,,,4.6622349923,-9,29
401212479,2020,8,regular,2020-10-23T23:30:00.000Z,False,True,South Florida,American Athletic,13,Tulsa,American Athletic,42,1186.0,1460.0,2.1505675901,-29,55
401238036,2020,8,regular,2020-10-24T00:00:00.000Z,False,False,UAB,Conference USA,20,Louisiana,Sun Belt,24,1502.0,1654.0,5.7715064582,-4,44
401247297,2020,8,regular,2020-10-24T00:00:00.000Z,False,True,Wisconsin,Big Ten,45,Illinois,Big Ten,7,1847.0,1441.0,1.7040213198,38,52
401236010,2020,8,regular,2020-10-24T16:00:00.000Z,False,True,Kansas State,Big 12,55,Kansas,Big 12,14,1647.0,1156.0,1.829411606,41,69
401237115,2020,8,regular,2020-10-24T16:00:00.000Z,False,True,Ole Miss,SEC,28,Auburn,SEC,35,1513.0,1729.0,8.4747448708,-7,63
401215316,2020,8,regular,2020-10-24T16:00:00.000Z,False,True,Coastal Carolina,Sun Belt,28,Georgia Southern,Sun Belt,14,1460.0,1508.0,7.9701895859,14,42
401247293,2020,8,regular,2020-10-24T16:00:00.000Z,False,True,Ohio State,Big Ten,52,Nebraska,Big Ten,17,2079.0,1568.0,1.8949587689,35,69
401207154,2020,8,regular,2020-10-24T16:00:00.000Z,False,True,Charlotte,Conference USA,38,UTEP,Conference USA,28,1446.0,1148.0,4.2557650033,10,66
401234619,2020,8,regular,2020-10-24T16:00:00.000Z,False,True,Louisville,ACC,48,Florida State,ACC,16,1405.0,1387.0,3.0263995297,32,64
401234618,2020,8,regular,2020-10-24T16:00:00.000Z,False,True,Clemson,ACC,47,Syracuse,ACC,21,2194.0,1370.0,1.1916843941,26,68
401236011,2020,8,regular,2020-10-24T16:00:00.000Z,False,True,TCU,Big 12,14,Oklahoma,Big 12,33,1588.0,1763.0,2.917534939,-19,47
401234621,2020,8,regular,2020-10-24T16:00:00.000Z,False,True,North Carolina,ACC,48,NC State,ACC,21,1673.0,1432.0,2.3438845498,27,69
401212516,2020,8,regular,2020-10-24T16:00:00.000Z,False,True,Memphis,American Athletic,41,Temple,American Athletic,29,1702.0,1408.0,7.3509213703,12,70
401240116,2020,8,regular,2020-10-24T16:00:00.000Z,False,False,Army,FBS Independents,49,Mercer,Southern,3,,,2.970052515,46,52
401247299,2020,8,regular,2020-10-24T16:00:00.000Z,False,True,Michigan State,Big Ten,27,Rutgers,Big Ten,38,1551.0,1229.0,5.9581946292,-11,65
401207160,2020,8,regular,2020-10-24T17:00:00.000Z,False,False,Liberty,FBS Independents,56,Southern Miss,Conference USA,35,1499.0,1321.0,2.8988898577,21,91
401248039,2020,8,regular,2020-10-24T17:30:00.000Z,True,True,Stephen F. Austin,Southland,35,Abilene Christian,Southland,32,,,,3,67
401212524,2020,8,regular,2020-10-24T18:00:00.000Z,False,True,UCF,American Athletic,51,Tulane,American Athletic,34,1737.0,1565.0,2.468883449,17,85
401207156,2020,8,regular,2020-10-24T18:30:00.000Z,False,True,Marshall,Conference USA,20,Florida Atlantic,Conference USA,9,1592.0,1679.0,3.8632287165,11,29
401239871,2020,8,regular,2020-10-24T19:00:00.000Z,False,False,Eastern Kentucky,OVC,31,Central Arkansas,Southland,28,,,,3,59
401237114,2020,8,regular,2020-10-24T19:30:00.000Z,False,True,Tennessee,SEC,17,Alabama,SEC,48,1518.0,2030.0,0.8889117389,-31,65
401236008,2020,8,regular,2020-10-24T19:30:00.000Z,False,True,Texas,Big 12,27,Baylor,Big 12,16,1783.0,1734.0,3.829481043,11,43
401236009,2020,8,regular,2020-10-24T19:30:00.000Z,False,True,Oklahoma State,Big 12,24,Iowa State,Big 12,21,1688.0,1664.0,6.3748015816,3,45
401247296,2020,8,regular,2020-10-24T19:30:00.000Z,False,True,Purdue,Big Ten,24,Iowa,Big Ten,20,1492.0,1783.0,9.3116167939,4,44
401234623,2020,8,regular,2020-10-24T19:30:00.000Z,False,True,Wake Forest,ACC,23,Virginia Tech,ACC,16,1545.0,1673.0,5.8129579494,7,39
401207158,2020,8,regular,2020-10-24T19:30:00.000Z,False,True,Rice,Conference USA,34,Middle Tennessee,Conference USA,40,1307.0,1208.0,9.9044467501,-6,74
401212552,2020,8,regular,2020-10-24T19:30:00.000Z,False,True,Navy,American Athletic,21,Houston,American Athletic,37,1381.0,1513.0,3.3110922716,-16,58
401247295,2020,8,regular,2020-10-24T19:30:00.000Z,False,True,Indiana,Big Ten,36,Penn State,Big Ten,35,1573.0,1827.0,8.9551564453,1,71
401234622,2020,8,regular,2020-10-24T19:41:00.000Z,False,True,Pittsburgh,ACC,3,Notre Dame,FBS Independents,45,1496.0,1893.0,1.8946764987,-42,48
401207102,2020,8,regular,2020-10-24T20:00:00.000Z,False,False,Western Kentucky,Conference USA,13,Chattanooga,Southern,10,,,8.1467338505,3,23
401215317,2020,8,regular,2020-10-24T20:00:00.000Z,False,True,Troy,Sun Belt,34,Georgia State,Sun Belt,36,1419.0,1350.0,7.943235166,-2,70
401234617,2020,8,regular,2020-10-24T20:00:00.000Z,False,True,Boston College,ACC,48,Georgia Tech,ACC,27,1458.0,1252.0,2.6090561879,21,75
401237122,2020,8,regular,2020-10-24T20:00:00.000Z,False,True,Missouri,SEC,20,Kentucky,SEC,10,1565.0,1734.0,6.2326419801,10,30
401236012,2020,8,regular,2020-10-24T21:30:00.000Z,False,True,Texas Tech,Big 12,34,West Virginia,Big 12,27,1499.0,1525.0,9.3946335313,7,61
401237118,2020,8,regular,2020-10-24T23:00:00.000Z,False,True,LSU,SEC,52,South Carolina,SEC,24,1961.0,1587.0,3.3119686435,28,76
401248998,2020,8,regular,2020-10-24T23:00:00.000Z,False,True,Nevada,Mountain West,37,Wyoming,Mountain West,34,1297.0,1545.0,7.2314445855,3,71
401250784,2020,8,regular,2020-10-24T23:00:00.000Z,False,True,South Alabama,Sun Belt,38,UL Monroe,Sun Belt,14,1222.0,1072.0,2.6490060663,24,52
401248997,2020,8,regular,2020-10-24T23:00:00.000Z,False,True,Boise State,Mountain West,42,Utah State,Mountain West,13,1638.0,1428.0,1.9433209532,29,55
401247294,2020,8,regular,2020-10-24T23:30:00.000Z,False,True,Minnesota,Big Ten,24,Michigan,Big Ten,49,1703.0,1801.0,2.8943478282,-25,73
401248994,2020,8,regular,2020-10-24T23:30:00.000Z,False,True,Fresno State,Mountain West,19,Hawai'i,Mountain West,34,1483.0,1465.0,5.2853277835,-15,53
401247298,2020,8,regular,2020-10-24T23:30:00.000Z,False,True,Northwestern,Big Ten,43,Maryland,Big Ten,3,1495.0,1290.0,2.4383963831,40,46
401234620,2020,8,regular,2020-10-25T00:00:00.000Z,False,True,Miami,ACC,19,Virginia,ACC,14,1673.0,1510.0,5.1862109108,5,33
401207157,2020,8,regular,2020-10-25T00:00:00.000Z,False,True,UTSA,Conference USA,27,Louisiana Tech,Conference USA,26,1255.0,1437.0,7.9425938881,1,53
401212488,2020,8,regular,2020-10-25T01:00:00.000Z,False,True,SMU,American Athletic,13,Cincinnati,American Athletic,42,1612.0,1706.0,4.6920229058,-29,55
401240998,2020,8,regular,2020-10-25T02:15:00.000Z,False,False,BYU,FBS Independents,52,Texas State,Sun Belt,14,1833.0,1211.0,1.4354200109,38,66
401248993,2020,8,regular,2020-10-25T02:30:00.000Z,False,True,San José State,Mountain West,17,Air Force,Mountain West,6,1352.0,1711.0,5.6858583838,11,23
401248996,2020,8,regular,2020-10-25T02:30:00.000Z,False,True,San Diego State,Mountain West,34,UNLV,Mountain West,6,1579.0,1285.0,2.4332683787,28,40
401215321,2020,9,regular,2020-10-29T23:30:00.000Z,False,True,Georgia Southern,Sun Belt,24,South Alabama,Sun Belt,17,1475.0,1265.0,7.4595833131,7,41
401249000,2020,9,regular,2020-10-30T02:00:00.000Z,False,True,Fresno State,Mountain West,38,Colorado State,Mountain West,17,1446.0,1409.0,5.0823961957,21,55
401247675,2020,9,regular,2020-10-30T23:00:00.000Z,False,False,Southern Illinois,MVFC,20,Southeast Missouri State,OVC,17,,,,3,37
401247302,2020,9,regular,2020-10-30T23:30:00.000Z,False,True,Maryland,Big Ten,45,Minnesota,Big Ten,44,1202.0,1648.0,5.1759881372,1,89
401212533,2020,9,regular,2020-10-31T01:00:00.000Z,False,True,Tulsa,American Athletic,34,East Carolina,American Athletic,30,1507.0,1254.0,9.3259689809,4,64
401249001,2020,9,regular,2020-10-31T01:45:00.000Z,False,True,Wyoming,Mountain West,31,Hawai'i,Mountain West,7,1541.0,1502.0,5.8331631693,24,38
401212543,2020,9,regular,2020-10-31T16:00:00.000Z,False,True,Cincinnati,American Athletic,49,Memphis,American Athletic,10,1775.0,1702.0,3.6477542894,39,59
401215318,2020,9,regular,2020-10-31T16:00:00.000Z,False,True,Georgia State,Sun Belt,0,Coastal Carolina,Sun Belt,51,1357.0,1493.0,1.8604966611,-51,51
401212517,2020,9,regular,2020-10-31T16:00:00.000Z,False,True,Tulane,American Athletic,38,Temple,American Athletic,3,1544.0,1408.0,4.3564468359,35,41
401234629,2020,9,regular,2020-10-31T16:00:00.000Z,False,True,Syracuse,ACC,14,Wake Forest,ACC,38,1385.0,1562.0,2.1202162497,-24,52
401236014,2020,9,regular,2020-10-31T16:00:00.000Z,False,True,Kansas,Big 12,22,Iowa State,Big 12,52,1100.0,1663.0,0.6479802001,-30,74
401234624,2020,9,regular,2020-10-31T16:00:00.000Z,False,True,Clemson,ACC,34,Boston College,ACC,28,2179.0,1487.0,6.9484339574,6,62
401237117,2020,9,regular,2020-10-31T16:00:00.000Z,False,True,Kentucky,SEC,3,Georgia,SEC,14,1704.0,1889.0,2.3974605946,-11,17
401247301,2020,9,regular,2020-10-31T16:00:00.000Z,False,True,Illinois,Big Ten,24,Purdue,Big Ten,31,1384.0,1504.0,3.1564806312,-7,55
401207162,2020,9,regular,2020-10-31T16:00:00.000Z,False,True,Florida Atlantic,Conference USA,24,UTSA,Conference USA,3,1652.0,1261.0,4.0227514778,21,27
401247305,2020,9,regular,2020-10-31T16:00:00.000Z,False,True,Michigan,Big Ten,24,Michigan State,Big Ten,27,1856.0,1495.0,8.296246462,-3,51
401236015,2020,9,regular,2020-10-31T16:00:00.000Z,False,True,West Virginia,Big 12,37,Kansas State,Big 12,10,1514.0,1703.0,5.4847670619,27,47
401212538,2020,9,regular,2020-10-31T18:00:00.000Z,False,True,Houston,American Athletic,21,UCF,American Athletic,44,1538.0,1758.0,4.1044998958,-23,65
401215320,2020,9,regular,2020-10-31T19:00:00.000Z,False,True,Arkansas State,Sun Belt,10,Troy,Sun Belt,38,1330.0,1412.0,3.9260184053,-28,48
401207166,2020,9,regular,2020-10-31T19:00:00.000Z,False,True,Southern Miss,Conference USA,6,Rice,Conference USA,30,1289.0,1289.0,2.5580400262,-24,36
401250213,2020,9,regular,2020-10-31T19:00:00.000Z,False,False,Stephen F. Austin,Southland,64,Western Colorado,Rocky Mountain,7,,,,57,71
401248073,2020,9,regular,2020-10-31T19:00:00.000Z,False,False,Mercer,Southern,17,Abilene Christian,Southland,20,,,,-3,37
401247303,2020,9,regular,2020-10-31T19:30:00.000Z,False,True,Iowa,Big Ten,20,Northwestern,Big Ten,21,1771.0,1583.0,8.3403565001,-1,41
401247300,2020,9,regular,2020-10-31T19:30:00.000Z,False,True,Rutgers,Big Ten,21,Indiana,Big Ten,37,1285.0,1581.0,3.0643682293,-16,58
401237121,2020,9,regular,2020-10-31T19:30:00.000Z,False,True,Auburn,SEC,48,LSU,SEC,11,1726.0,1992.0,3.4003760511,37,59
401207163,2020,9,regular,2020-10-31T19:30:00.000Z,False,True,Louisiana Tech,Conference USA,37,UAB,Conference USA,34,1431.0,1505.0,6.8030732679,3,71
401236013,2020,9,regular,2020-10-31T19:30:00.000Z,False,True,Baylor,Big 12,23,TCU,Big 12,33,1718.0,1559.0,2.0351824967,-10,56
401234626,2020,9,regular,2020-10-31T19:30:00.000Z,False,True,Georgia Tech,ACC,13,Notre Dame,FBS Independents,31,1223.0,1966.0,1.7028081466,-18,44
401236017,2020,9,regular,2020-10-31T20:00:00.000Z,False,True,Oklahoma State,Big 12,34,Texas,Big 12,41,1689.0,1799.0,10.955966056,-7,75
401237123,2020,9,regular,2020-10-31T20:00:00.000Z,False,True,Vanderbilt,SEC,21,Ole Miss,SEC,54,1211.0,1516.0,0.83087994,-33,75
401234627,2020,9,regular,2020-10-31T20:00:00.000Z,False,True,Louisville,ACC,35,Virginia Tech,ACC,42,1490.0,1656.0,3.3183614735,-7,77
401215319,2020,9,regular,2020-10-31T20:00:00.000Z,False,True,UL Monroe,Sun Belt,13,App State,Sun Belt,31,1029.0,1704.0,0.6893874658,-18,44
401239873,2020,9,regular,2020-10-31T20:00:00.000Z,False,False,Central Arkansas,Southland,52,Missouri Western,Mid America,10,,,,42,62
401248999,2020,9,regular,2020-10-31T22:00:00.000Z,False,True,Air Force,Mountain West,30,Boise State,Mountain West,49,1661.0,1690.0,2.7227153981,-19,79
401249003,2020,9,regular,2020-10-31T23:00:00.000Z,False,True,New Mexico,Mountain West,21,San José State,Mountain West,38,1230.0,1402.0,5.1373730956,-17,59
401234625,2020,9,regular,2020-10-31T23:00:00.000Z,False,False,Duke,ACC,53,Charlotte,Conference USA,19,1383.0,1443.0,2.0765121775,34,72
401237119,2020,9,regular,2020-10-31T23:00:00.000Z,False,True,Alabama,SEC,41,Mississippi State,SEC,0,2056.0,1507.0,1.2809742055,41,41
401212489,2020,9,regular,2020-10-31T23:30:00.000Z,False,True,SMU,American Athletic,51,Navy,American Athletic,37,1543.0,1356.0,3.3508105784,14,88
401237120,2020,9,regular,2020-10-31T23:30:00.000Z,False,True,Texas A&M,SEC,42,Arkansas,SEC,31,1632.0,1380.0,2.6522978776,11,73
401237116,2020,9,regular,2020-10-31T23:30:00.000Z,False,True,Florida,SEC,41,Missouri,SEC,17,1794.0,1595.0,3.6229349645,24,58
401247306,2020,9,regular,2020-10-31T23:30:00.000Z,False,True,Penn State,Big Ten,25,Ohio State,Big Ten,38,1819.0,2115.0,2.1858782576,-13,63
401215322,2020,9,regular,2020-11-01T00:00:00.000Z,False,True,Texas State,Sun Belt,34,Louisiana,Sun Belt,44,1178.0,1651.0,3.3656677817,-10,78
401236016,2020,9,regular,2020-11-01T00:00:00.000Z,False,True,Texas Tech,Big 12,28,Oklahoma,Big 12,62,1510.0,1792.0,1.2207924149,-34,90
401234628,2020,9,regular,2020-11-01T00:00:00.000Z,False,True,Virginia,ACC,44,North Carolina,ACC,41,1511.0,1715.0,6.4964265745,3,85
401249004,2020,9,regular,2020-11-01T01:30:00.000Z,False,True,Utah State,Mountain West,7,San Diego State,Mountain West,38,1376.0,1619.0,2.9526861583,-31,45
401239887,2020,9,regular,2020-11-01T02:15:00.000Z,False,False,BYU,FBS Independents,41,Western Kentucky,Conference USA,10,1866.0,1345.0,1.1656215541,31,51
401249002,2020,9,regular,2020-11-01T02:30:00.000Z,False,True,UNLV,Mountain West,19,Nevada,Mountain West,37,1245.0,1301.0,2.4714586592,-18,56
401249856,2020,10,regular,2020-11-04T23:00:00.000Z,False,True,Kent State,Mid-American,27,Eastern Michigan,Mid-American,23,1366.0,1399.0,6.8548101188,4,50
401249857,2020,10,regular,2020-11-04T23:00:00.000Z,False,True,Akron,Mid-American,13,Western Michigan,Mid-American,58,1004.0,1485.0,0.9459497756,-45,71
401249860,2020,10,regular,2020-11-05T00:00:00.000Z,False,True,Central Michigan,Mid-American,30,Ohio,Mid-American,27,1415.0,1575.0,9.634417443,3,57
401249889,2020,10,regular,2020-11-05T00:00:00.000Z,False,True,Miami (OH),Mid-American,38,Ball State,Mid-American,31,1411.0,1433.0,8.0442605762,7,69
401249859,2020,10,regular,2020-11-05T00:00:00.000Z,False,True,Northern Illinois,Mid-American,30,Buffalo,Mid-American,49,1316.0,1562.0,2.2512137996,-19,79
401249858,2020,10,regular,2020-11-05T01:00:00.000Z,False,True,Toledo,Mid-American,38,Bowling Green,Mid-American,3,1273.0,1051.0,1.3977801538,35,41
401249009,2020,10,regular,2020-11-06T00:00:00.000Z,False,True,Nevada,Mountain West,34,Utah State,Mountain West,9,1339.0,1319.0,2.7538289958,25,43
401249010,2020,10,regular,2020-11-06T02:00:00.000Z,False,True,Colorado State,Mountain West,34,Wyoming,Mountain West,24,1363.0,1596.0,6.4975994899,10,58
401234630,2020,10,regular,2020-11-07T00:30:00.000Z,False,True,NC State,ACC,41,Miami,ACC,44,1390.0,1672.0,8.4920874973,-3,85
401249008,2020,10,regular,2020-11-07T02:00:00.000Z,False,True,San Diego State,Mountain West,17,San José State,Mountain West,28,1676.0,1425.0,5.6977809738,-11,45
401249005,2020,10,regular,2020-11-07T02:45:00.000Z,False,False,Boise State,Mountain West,17,BYU,FBS Independents,51,1734.0,1890.0,2.9276211725,-34,68
401253924,2020,10,regular,2020-11-07T17:00:00.000Z,False,True,Louisiana,Sun Belt,27,Arkansas State,Sun Belt,20,1634.0,1263.0,6.8965553791,7,47
401212480,2020,10,regular,2020-11-07T17:00:00.000Z,False,True,Memphis,American Athletic,34,South Florida,American Athletic,33,1599.0,1139.0,7.7010556088,1,67
401234636,2020,10,regular,2020-11-07T17:00:00.000Z,False,False,Virginia Tech,ACC,35,Liberty,FBS Independents,38,1657.0,1531.0,7.0460202853,-3,73
401215327,2020,10,regular,2020-11-07T17:00:00.000Z,False,True,Georgia State,Sun Belt,52,UL Monroe,Sun Belt,34,1216.0,1048.0,1.6840470134,18,86
401236022,2020,10,regular,2020-11-07T17:00:00.000Z,False,True,Texas,Big 12,17,West Virginia,Big 12,13,1804.0,1608.0,6.9842282835,4,30
401212490,2020,10,regular,2020-11-07T17:00:00.000Z,False,True,Temple,American Athletic,23,SMU,American Athletic,47,1328.0,1556.0,3.4836035719,-24,70
401247313,2020,10,regular,2020-11-07T17:00:00.000Z,False,True,Iowa,Big Ten,49,Michigan State,Big Ten,7,1760.0,1524.0,2.2259048158,42,56
401249400,2020,10,regular,2020-11-07T17:00:00.000Z,False,True,USC,Pac-12,28,Arizona State,Pac-12,27,1593.0,1549.0,7.8091214306,1,55
401234633,2020,10,regular,2020-11-07T17:00:00.000Z,False,True,Duke,ACC,24,North Carolina,ACC,56,1486.0,1711.0,0.8869878491,-32,80
401247307,2020,10,regular,2020-11-07T17:00:00.000Z,False,True,Northwestern,Big Ten,21,Nebraska,Big Ten,13,1594.0,1532.0,7.7507263708,8,34
401247309,2020,10,regular,2020-11-07T17:00:00.000Z,False,True,Indiana,Big Ten,38,Michigan,Big Ten,21,1590.0,1827.0,5.2739163855,17,59
401212525,2020,10,regular,2020-11-07T17:00:00.000Z,False,True,East Carolina,American Athletic,21,Tulane,American Athletic,38,1258.0,1624.0,3.2116989031,-17,59
401215326,2020,10,regular,2020-11-07T18:00:00.000Z,False,True,Georgia Southern,Sun Belt,20,Troy,Sun Belt,13,1473.0,1479.0,7.2259972248,7,33
401234631,2020,10,regular,2020-11-07T19:00:00.000Z,False,True,Syracuse,ACC,13,Boston College,ACC,16,1342.0,1509.0,3.5986083669,-3,29
401251931,2020,10,regular,2020-11-07T19:30:00.000Z,False,False,Marshall,Conference USA,51,Massachusetts,FBS Independents,10,1619.0,900.0,1.0488156588,41,61
401215324,2020,10,regular,2020-11-07T20:00:00.000Z,False,True,Texas State,Sun Belt,17,App State,Sun Belt,38,1195.0,1685.0,2.166196623,-21,55
401239874,2020,10,regular,2020-11-07T20:00:00.000Z,False,False,Eastern Kentucky,OVC,6,Stephen F. Austin,Southland,24,,,,-18,30
401240035,2020,10,regular,2020-11-07T20:00:00.000Z,False,False,Southern Miss,Conference USA,24,North Alabama,Big South,13,,,6.9629516336,11,37
401236019,2020,10,regular,2020-11-07T20:30:00.000Z,False,True,Oklahoma,Big 12,62,Kansas,Big 12,9,1854.0,1082.0,1.1298274777,53,71
401249006,2020,10,regular,2020-11-07T20:30:00.000Z,False,True,UNLV,Mountain West,27,Fresno State,Mountain West,40,1207.0,1492.0,4.9590510197,-13,67
401247312,2020,10,regular,2020-11-07T20:30:00.000Z,False,True,Penn State,Big Ten,19,Maryland,Big Ten,35,1817.0,1214.0,3.8939396417,-16,54
401247308,2020,10,regular,2020-11-07T20:30:00.000Z,False,True,Illinois,Big Ten,14,Minnesota,Big Ten,41,1380.0,1636.0,2.2059141095,-27,55
401236021,2020,10,regular,2020-11-07T20:30:00.000Z,False,True,TCU,Big 12,34,Texas Tech,Big 12,18,1594.0,1448.0,4.5133439544,16,52
401212544,2020,10,regular,2020-11-07T20:30:00.000Z,False,True,Cincinnati,American Athletic,38,Houston,American Athletic,10,1878.0,1503.0,2.5384157151,28,48
401237125,2020,10,regular,2020-11-07T20:30:00.000Z,True,True,Georgia,SEC,28,Florida,SEC,44,1896.0,1832.0,3.5409644017,-16,72
401237126,2020,10,regular,2020-11-07T20:30:00.000Z,False,True,Mississippi State,SEC,24,Vanderbilt,SEC,17,1458.0,1155.0,4.0966081567,7,41
401236020,2020,10,regular,2020-11-07T21:00:00.000Z,False,True,Kansas State,Big 12,18,Oklahoma State,Big 12,20,1609.0,1684.0,7.1930418315,-2,38
401234634,2020,10,regular,2020-11-07T21:00:00.000Z,False,True,Florida State,ACC,17,Pittsburgh,ACC,41,1302.0,1423.0,4.4349691969,-24,58
401248273,2020,10,regular,2020-11-07T21:00:00.000Z,False,False,Abilene Christian,Southland,21,Angelo State,Lone Star,34,,,,-13,55
401207169,2020,10,regular,2020-11-07T23:00:00.000Z,False,True,Florida Atlantic,Conference USA,10,Western Kentucky,Conference USA,6,1664.0,1321.0,8.8697819109,4,16
401237127,2020,10,regular,2020-11-08T00:00:00.000Z,False,True,South Carolina,SEC,3,Texas A&M,SEC,48,1556.0,1634.0,1.8780886035,-45,51
401236018,2020,10,regular,2020-11-08T00:00:00.000Z,False,True,Iowa State,Big 12,38,Baylor,Big 12,31,1681.0,1683.0,5.5644670461,7,69
401249402,2020,10,regular,2020-11-08T00:00:00.000Z,False,True,Colorado,Pac-12,48,UCLA,Pac-12,42,1407.0,1415.0,6.61932841,6,90
401249399,2020,10,regular,2020-11-08T00:30:00.000Z,False,True,Oregon,Pac-12,35,Stanford,Pac-12,14,1840.0,1469.0,3.9640599636,21,49
401234632,2020,10,regular,2020-11-08T00:30:00.000Z,False,True,Notre Dame,FBS Independents,47,Clemson,ACC,40,1942.0,2157.0,11.0186109234,7,87
401237124,2020,10,regular,2020-11-08T00:30:00.000Z,False,True,Arkansas,SEC,24,Tennessee,SEC,13,1378.0,1492.0,5.6950337738,11,37
401247310,2020,10,regular,2020-11-08T00:30:00.000Z,False,True,Ohio State,Big Ten,49,Rutgers,Big Ten,27,2117.0,1276.0,1.1818304038,22,76
401215325,2020,10,regular,2020-11-08T01:00:00.000Z,False,True,Coastal Carolina,Sun Belt,23,South Alabama,Sun Belt,6,1634.0,1267.0,2.5878767531,17,29
401249397,2020,10,regular,2020-11-08T03:30:00.000Z,False,True,Oregon State,Pac-12,28,Washington State,Pac-12,38,1407.0,1605.0,4.7937874083,-10,66
401249007,2020,10,regular,2020-11-08T04:00:00.000Z,False,True,Hawai'i,Mountain West,39,New Mexico,Mountain West,33,1447.0,1207.0,6.9236570069,6,72
401249861,2020,11,regular,2020-11-11T00:00:00.000Z,False,True,Ohio,Mid-American,24,Akron,Mid-American,10,1572.0,933.0,2.1472328043,14,34
401249862,2020,11,regular,2020-11-11T00:30:00.000Z,False,True,Bowling Green,Mid-American,24,Kent State,Mid-American,62,981.0,1370.0,1.116790507,-38,86
401249890,2020,11,regular,2020-11-11T01:00:00.000Z,False,True,Buffalo,Mid-American,42,Miami (OH),Mid-American,10,1583.0,1422.0,3.7119971016,32,52
401249865,2020,11,regular,2020-11-12T00:00:00.000Z,False,True,Ball State,Mid-American,38,Eastern Michigan,Mid-American,31,1422.0,1395.0,8.7640843242,7,69
401249866,2020,11,regular,2020-11-12T01:00:00.000Z,False,True,Western Michigan,Mid-American,41,Toledo,Mid-American,38,1556.0,1343.0,7.1435125387,3,79
401249864,2020,11,regular,2020-11-12T01:00:00.000Z,False,True,Northern Illinois,Mid-American,10,Central Michigan,Mid-American,40,1295.0,1418.0,2.8304051978,-30,50
401249012,2020,11,regular,2020-11-13T01:00:00.000Z,False,True,Boise State,Mountain West,52,Colorado State,Mountain West,21,1657.0,1398.0,1.863126332,31,73
401207174,2020,11,regular,2020-11-14T00:00:00.000Z,False,True,Florida International,Conference USA,19,Florida Atlantic,Conference USA,38,1369.0,1657.0,3.2474612235,-19,57
401247317,2020,11,regular,2020-11-14T00:00:00.000Z,False,True,Minnesota,Big Ten,7,Iowa,Big Ten,35,1679.0,1851.0,2.51924377,-28,42
401212545,2020,11,regular,2020-11-14T00:30:00.000Z,False,True,Cincinnati,American Athletic,55,East Carolina,American Athletic,17,1909.0,1253.0,1.3672427899,38,72
401234641,2020,11,regular,2020-11-14T17:00:00.000Z,False,True,Virginia Tech,ACC,24,Miami,ACC,25,1645.0,1660.0,8.3348909767,-1,49
401236024,2020,11,regular,2020-11-14T17:00:00.000Z,False,True,West Virginia,Big 12,24,TCU,Big 12,6,1611.0,1615.0,4.2197179719,18,30
401237132,2020,11,regular,2020-11-14T17:00:00.000Z,False,True,Kentucky,SEC,38,Vanderbilt,SEC,35,1697.0,1161.0,2.586636102,3,73
401207176,2020,11,regular,2020-11-14T17:00:00.000Z,False,True,Marshall,Conference USA,42,Middle Tennessee,Conference USA,14,1650.0,1226.0,2.2172426328,28,56
401247320,2020,11,regular,2020-11-14T17:00:00.000Z,False,True,Nebraska,Big Ten,30,Penn State,Big Ten,23,1524.0,1705.0,5.1219250042,7,53
401247316,2020,11,regular,2020-11-14T17:00:00.000Z,False,True,Michigan State,Big Ten,0,Indiana,Big Ten,24,1433.0,1652.0,1.6295356396,-24,24
401234642,2020,11,regular,2020-11-14T17:00:00.000Z,False,True,North Carolina,ACC,59,Wake Forest,ACC,53,1773.0,1605.0,8.0224748061,6,112
401207200,2020,11,regular,2020-11-14T17:00:00.000Z,False,False,Tulane,American Athletic,38,Army,FBS Independents,12,1629.0,1621.0,4.4495401871,26,50
401207218,2020,11,regular,2020-11-14T17:00:00.000Z,False,False,Liberty,FBS Independents,58,Western Carolina,Southern,14,,,1.1133319296,44,72
401247314,2020,11,regular,2020-11-14T18:00:00.000Z,False,True,Rutgers,Big Ten,20,Illinois,Big Ten,23,1299.0,1337.0,7.4951899803,-3,43
401215332,2020,11,regular,2020-11-14T19:00:00.000Z,False,True,Louisiana,Sun Belt,38,South Alabama,Sun Belt,10,1624.0,1262.0,2.2503841989,28,48
401249013,2020,11,regular,2020-11-14T19:30:00.000Z,False,True,Utah State,Mountain West,16,Fresno State,Mountain West,35,1258.0,1495.0,3.3132221235,-19,51
401215328,2020,11,regular,2020-11-14T19:30:00.000Z,False,True,App State,Sun Belt,17,Georgia State,Sun Belt,13,1688.0,1240.0,9.0887229445,4,30
401207179,2020,11,regular,2020-11-14T20:00:00.000Z,False,True,UTSA,Conference USA,52,UTEP,Conference USA,21,1249.0,1151.0,4.3219734098,31,73
401249406,2020,11,regular,2020-11-14T20:30:00.000Z,False,True,Stanford,Pac-12,32,Colorado,Pac-12,35,1456.0,1415.0,4.2364210134,-3,67
401249403,2020,11,regular,2020-11-14T20:30:00.000Z,False,True,Arizona,Pac-12,30,USC,Pac-12,34,1387.0,1592.0,8.3372043437,-4,64
401234637,2020,11,regular,2020-11-14T20:30:00.000Z,False,True,Boston College,ACC,31,Notre Dame,FBS Independents,45,1504.0,1964.0,2.8411675074,-14,76
401215331,2020,11,regular,2020-11-14T20:30:00.000Z,False,True,Georgia Southern,Sun Belt,40,Texas State,Sun Belt,38,1483.0,1192.0,4.697310403,2,78
401257934,2020,11,regular,2020-11-14T20:30:00.000Z,False,True,Virginia,ACC,31,Louisville,ACC,17,1515.0,1489.0,5.791783196,14,48
401207178,2020,11,regular,2020-11-14T20:30:00.000Z,False,True,Western Kentucky,Conference USA,10,Southern Miss,Conference USA,7,1328.0,1225.0,4.6724561971,3,17
401212481,2020,11,regular,2020-11-14T20:30:00.000Z,False,True,Houston,American Athletic,56,South Florida,American Athletic,21,1472.0,1153.0,1.572953145,35,77
401249014,2020,11,regular,2020-11-14T21:00:00.000Z,False,True,San Diego State,Mountain West,34,Hawai'i,Mountain West,10,1628.0,1443.0,2.8833910433,24,44
401248074,2020,11,regular,2020-11-14T21:00:00.000Z,False,False,Central Arkansas,Southland,37,Eastern Kentucky,OVC,25,,,,12,62
401236023,2020,11,regular,2020-11-14T21:00:00.000Z,False,True,Texas Tech,Big 12,24,Baylor,Big 12,23,1427.0,1673.0,8.3133127248,1,47
401247413,2020,11,regular,2020-11-14T22:00:00.000Z,False,False,Stephen F. Austin,Southland,26,Pittsburg St,Mid America,7,,,,19,33
401247315,2020,11,regular,2020-11-14T22:00:00.000Z,False,True,Purdue,Big Ten,20,Northwestern,Big Ten,27,1508.0,1602.0,4.8291127156,-7,47
401249015,2020,11,regular,2020-11-14T23:30:00.000Z,False,True,New Mexico,Mountain West,20,Nevada,Mountain West,27,1211.0,1400.0,5.1475885505,-7,47
401237129,2020,11,regular,2020-11-15T00:00:00.000Z,False,True,Florida,SEC,63,Arkansas,SEC,35,1869.0,1407.0,2.3161793462,28,98
401212491,2020,11,regular,2020-11-15T00:00:00.000Z,False,True,Tulsa,American Athletic,28,SMU,American Athletic,24,1503.0,1593.0,6.1831864716,4,52
401249405,2020,11,regular,2020-11-15T00:00:00.000Z,False,True,Washington State,Pac-12,29,Oregon,Pac-12,43,1609.0,1853.0,6.0222447817,-14,72
401237133,2020,11,regular,2020-11-15T00:30:00.000Z,False,True,Ole Miss,SEC,59,South Carolina,SEC,42,1572.0,1428.0,7.2418023335,17,101
401247319,2020,11,regular,2020-11-15T00:30:00.000Z,False,True,Michigan,Big Ten,11,Wisconsin,Big Ten,49,1765.0,1904.0,1.3061553435,-38,60
401212518,2020,11,regular,2020-11-15T00:30:00.000Z,False,True,UCF,American Athletic,38,Temple,American Athletic,13,1793.0,1291.0,1.2332649124,25,51
401234639,2020,11,regular,2020-11-15T00:30:00.000Z,False,True,NC State,ACC,38,Florida State,ACC,22,1402.0,1253.0,2.2775777341,16,60
401249016,2020,11,regular,2020-11-15T03:30:00.000Z,False,True,San José State,Mountain West,34,UNLV,Mountain West,17,1473.0,1204.0,2.6937565029,17,51
401249404,2020,11,regular,2020-11-15T04:00:00.000Z,False,True,Washington,Pac-12,27,Oregon State,Pac-12,21,1760.0,1403.0,5.7043350786,6,48
401261454,2020,11,regular,2020-11-15T17:00:00.000Z,False,True,UCLA,Pac-12,34,California,Pac-12,10,1407.0,1499.0,4.647471474,24,44
401249868,2020,12,regular,2020-11-18T00:00:00.000Z,False,True,Bowling Green,Mid-American,17,Buffalo,Mid-American,42,920.0,1650.0,0.5328750152,-25,59
401249867,2020,12,regular,2020-11-18T01:00:00.000Z,False,True,Kent State,Mid-American,69,Akron,Mid-American,35,1431.0,953.0,2.0015323189,34,104
401249870,2020,12,regular,2020-11-19T00:00:00.000Z,False,True,Ball State,Mid-American,31,Northern Illinois,Mid-American,25,1430.0,1227.0,6.0286939207,6,56
401249871,2020,12,regular,2020-11-19T00:00:00.000Z,False,True,Eastern Michigan,Mid-American,28,Toledo,Mid-American,45,1387.0,1345.0,2.3579136742,-17,73
401249872,2020,12,regular,2020-11-19T00:00:00.000Z,False,True,Central Michigan,Mid-American,44,Western Michigan,Mid-American,52,1486.0,1554.0,3.7674696545,-8,96
401212526,2020,12,regular,2020-11-20T00:30:00.000Z,False,True,Tulsa,American Athletic,30,Tulane,American Athletic,24,1509.0,1695.0,9.1344478279,6,54
401234643,2020,12,regular,2020-11-21T00:00:00.000Z,False,True,Louisville,ACC,30,Syracuse,ACC,0,1463.0,1347.0,2.1735539716,30,30
401247325,2020,12,regular,2020-11-21T00:30:00.000Z,False,True,Minnesota,Big Ten,34,Purdue,Big Ten,31,1623.0,1502.0,6.3378793295,3,65
401261674,2020,12,regular,2020-11-21T01:00:00.000Z,False,False,Florida Atlantic,Conference USA,24,Massachusetts,FBS Independents,2,1674.0,869.0,1.4079610872,22,26
401249018,2020,12,regular,2020-11-21T02:30:00.000Z,False,True,Air Force,Mountain West,28,New Mexico,Mountain West,0,1617.0,1212.0,2.5069180451,28,28
401235975,2020,12,regular,2020-11-21T17:00:00.000Z,False,False,Army,FBS Independents,28,Georgia Southern,Sun Belt,27,1555.0,1480.0,6.6493595387,1,55
401215334,2020,12,regular,2020-11-21T17:00:00.000Z,False,True,Texas State,Sun Belt,47,Arkansas State,Sun Belt,45,1195.0,1273.0,8.9601463757,2,92
401237136,2020,12,regular,2020-11-21T17:00:00.000Z,False,True,Arkansas,SEC,24,LSU,SEC,27,1385.0,1846.0,7.7068216493,-3,51
401237138,2020,12,regular,2020-11-21T17:00:00.000Z,False,True,Vanderbilt,SEC,17,Florida,SEC,38,1166.0,1891.0,1.7375850883,-21,55
401215333,2020,12,regular,2020-11-21T17:00:00.000Z,False,True,Coastal Carolina,Sun Belt,34,App State,Sun Belt,23,1639.0,1679.0,8.3058227292,11,57
401212519,2020,12,regular,2020-11-21T17:00:00.000Z,False,True,Temple,American Athletic,3,East Carolina,American Athletic,28,1280.0,1224.0,2.7117197286,-25,31
401247326,2020,12,regular,2020-11-21T17:00:00.000Z,False,True,Ohio State,Big Ten,42,Indiana,Big Ten,35,2094.0,1690.0,2.7168353966,7,77
401247321,2020,12,regular,2020-11-21T17:00:00.000Z,False,True,Nebraska,Big Ten,23,Illinois,Big Ten,41,1544.0,1339.0,4.4431526727,-18,64
401247374,2020,12,regular,2020-11-21T17:00:00.000Z,False,False,Memphis,American Athletic,56,Stephen F. Austin,Southland,14,,,1.6463804958,42,70
401207184,2020,12,regular,2020-11-21T19:00:00.000Z,False,True,North Texas,Conference USA,27,Rice,Conference USA,17,1273.0,1353.0,5.1583785474,10,44
401207181,2020,12,regular,2020-11-21T19:00:00.000Z,False,True,Western Kentucky,Conference USA,38,Florida International,Conference USA,21,1328.0,1352.0,5.6597635218,17,59
401239875,2020,12,regular,2020-11-21T20:00:00.000Z,False,False,Eastern Kentucky,OVC,49,Western Carolina,Southern,17,,,,32,66
401207185,2020,12,regular,2020-11-21T20:00:00.000Z,False,True,Southern Miss,Conference USA,20,UTSA,Conference USA,23,1225.0,1321.0,5.3202208137,-3,43
401209818,2020,12,regular,2020-11-21T20:00:00.000Z,False,False,BYU,FBS Independents,66,North Alabama,Big South,14,,,1.0267611704,52,80
401249415,2020,12,regular,2020-11-21T20:30:00.000Z,False,True,Oregon,Pac-12,38,UCLA,Pac-12,35,1862.0,1478.0,5.2206639531,3,73
401215335,2020,12,regular,2020-11-21T20:30:00.000Z,False,True,South Alabama,Sun Belt,14,Georgia State,Sun Belt,31,1229.0,1249.0,7.0661166608,-17,45
401212540,2020,12,regular,2020-11-21T20:30:00.000Z,False,True,UCF,American Athletic,33,Cincinnati,American Athletic,36,1804.0,1938.0,7.7598212439,-3,69
401247323,2020,12,regular,2020-11-21T20:30:00.000Z,False,True,Northwestern,Big Ten,17,Wisconsin,Big Ten,7,1608.0,1997.0,7.3687747717,10,24
401249019,2020,12,regular,2020-11-21T20:30:00.000Z,False,True,Nevada,Mountain West,26,San Diego State,Mountain West,21,1399.0,1668.0,7.116277456,5,47
401240641,2020,12,regular,2020-11-21T20:30:00.000Z,False,False,Troy,Sun Belt,17,Middle Tennessee,Conference USA,20,1469.0,1200.0,6.515190631,-3,37
401247327,2020,12,regular,2020-11-21T20:30:00.000Z,False,True,Penn State,Big Ten,21,Iowa,Big Ten,41,1685.0,1907.0,3.7951792115,-20,62
401249411,2020,12,regular,2020-11-21T20:30:00.000Z,False,True,Oregon State,Pac-12,31,California,Pac-12,27,1412.0,1428.0,8.4016896631,4,58
401248275,2020,12,regular,2020-11-21T21:00:00.000Z,False,False,Virginia,ACC,55,Abilene Christian,Southland,15,,,1.1376347777,40,70
401236025,2020,12,regular,2020-11-21T21:00:00.000Z,False,True,Iowa State,Big 12,45,Kansas State,Big 12,0,1691.0,1610.0,1.5923301344,45,45
401237135,2020,12,regular,2020-11-21T21:00:00.000Z,False,True,Alabama,SEC,63,Kentucky,SEC,3,2105.0,1692.0,1.2701374399,60,66
401234648,2020,12,regular,2020-11-21T21:00:00.000Z,False,True,Pittsburgh,ACC,47,Virginia Tech,ACC,14,1472.0,1645.0,5.7358955219,33,61
401237137,2020,12,regular,2020-11-22T00:00:00.000Z,False,True,Auburn,SEC,30,Tennessee,SEC,17,1872.0,1463.0,5.3170112175,13,47
401234647,2020,12,regular,2020-11-22T00:30:00.000Z,False,False,NC State,ACC,15,Liberty,FBS Independents,14,1423.0,1543.0,9.8066912895,1,29
401236027,2020,12,regular,2020-11-22T00:30:00.000Z,False,True,Oklahoma,Big 12,41,Oklahoma State,Big 12,13,1912.0,1683.0,2.7532396734,28,54
401237139,2020,12,regular,2020-11-22T00:30:00.000Z,False,True,Georgia,SEC,31,Mississippi State,SEC,24,1859.0,1452.0,4.8131682879,7,55
401237141,2020,12,regular,2020-11-22T00:30:00.000Z,False,True,South Carolina,SEC,10,Missouri,SEC,17,1404.0,1557.0,3.6607903545,-7,27
401247324,2020,12,regular,2020-11-22T00:30:00.000Z,False,True,Rutgers,Big Ten,42,Michigan,Big Ten,48,1297.0,1672.0,10.6093344383,-6,90
401249413,2020,12,regular,2020-11-22T01:00:00.000Z,False,True,Washington,Pac-12,44,Arizona,Pac-12,27,1751.0,1393.0,1.995306819,17,71
401249410,2020,12,regular,2020-11-22T03:30:00.000Z,False,True,Utah,Pac-12,17,USC,Pac-12,33,1721.0,1586.0,4.5749578953,-16,50
401249017,2020,12,regular,2020-11-22T04:00:00.000Z,False,True,Hawai'i,Mountain West,32,Boise State,Mountain West,40,1403.0,1709.0,2.642949894,-8,72
401249025,2020,13,regular,2020-11-27T00:00:00.000Z,False,True,Utah State,Mountain West,41,New Mexico,Mountain West,27,1236.0,1184.0,5.2488403802,14,68
401236029,2020,13,regular,2020-11-27T17:00:00.000Z,False,True,Texas,Big 12,20,Iowa State,Big 12,23,1801.0,1815.0,7.1999220255,-3,43
401251926,2020,13,regular,2020-11-27T17:00:00.000Z,False,False,Liberty,FBS Independents,45,Massachusetts,FBS Independents,0,1539.0,890.0,1.1849455302,45,45
401247332,2020,13,regular,2020-11-27T18:00:00.000Z,False,True,Iowa,Big Ten,26,Nebraska,Big Ten,20,1934.0,1476.0,6.2961738866,6,46
401212483,2020,13,regular,2020-11-27T20:30:00.000Z,False,True,South Florida,American Athletic,46,UCF,American Athletic,58,1095.0,1807.0,2.0728178308,-12,104
401234650,2020,13,regular,2020-11-27T20:30:00.000Z,False,True,North Carolina,ACC,17,Notre Dame,FBS Independents,31,1772.0,1955.0,6.5465664384,-14,48
401249028,2020,13,regular,2020-11-27T21:00:00.000Z,False,True,UNLV,Mountain West,14,Wyoming,Mountain West,45,1191.0,1561.0,1.3839934046,-31,59
401249874,2020,13,regular,2020-11-27T21:00:00.000Z,False,True,Eastern Michigan,Mid-American,23,Central Michigan,Mid-American,31,1341.0,1476.0,7.8655441107,-8,54
401249417,2020,13,regular,2020-11-27T21:30:00.000Z,False,True,California,Pac-12,23,Stanford,Pac-12,24,1425.0,1449.0,7.2014593936,-1,47
401249418,2020,13,regular,2020-11-28T00:30:00.000Z,False,True,Oregon State,Pac-12,41,Oregon,Pac-12,38,1415.0,1858.0,6.071224779,3,79
401249877,2020,13,regular,2020-11-28T17:00:00.000Z,False,True,Buffalo,Mid-American,70,Kent State,Mid-American,41,1640.0,1468.0,3.9021740461,29,111
401247329,2020,13,regular,2020-11-28T17:00:00.000Z,False,True,Indiana,Big Ten,27,Maryland,Big Ten,11,1701.0,1326.0,3.9571634924,16,38
401212513,2020,13,regular,2020-11-28T17:00:00.000Z,False,True,East Carolina,American Athletic,52,SMU,American Athletic,38,1298.0,1587.0,3.6683435473,14,90
401249873,2020,13,regular,2020-11-28T17:00:00.000Z,False,True,Toledo,Mid-American,24,Ball State,Mid-American,27,1391.0,1428.0,4.5623336447,-3,51
401247333,2020,13,regular,2020-11-28T17:00:00.000Z,False,True,Michigan,Big Ten,17,Penn State,Big Ten,27,1657.0,1658.0,4.9857936428,-10,44
401249875,2020,13,regular,2020-11-28T17:00:00.000Z,False,True,Western Michigan,Mid-American,30,Northern Illinois,Mid-American,27,1564.0,1229.0,7.6808851208,3,57
401249876,2020,13,regular,2020-11-28T17:00:00.000Z,False,True,Ohio,Mid-American,52,Bowling Green,Mid-American,10,1552.0,930.0,1.3566516813,42,62
401234655,2020,13,regular,2020-11-28T17:00:00.000Z,False,True,Syracuse,ACC,29,NC State,ACC,36,1281.0,1427.0,7.4005602154,-7,65
401236032,2020,13,regular,2020-11-28T17:00:00.000Z,False,True,Oklahoma State,Big 12,50,Texas Tech,Big 12,44,1636.0,1434.0,6.2689313242,6,94
401237143,2020,13,regular,2020-11-28T17:00:00.000Z,False,True,Missouri,SEC,41,Vanderbilt,SEC,0,1559.0,1183.0,2.1636060658,41,41
401237144,2020,13,regular,2020-11-28T17:00:00.000Z,False,True,Florida,SEC,34,Kentucky,SEC,10,1874.0,1564.0,2.6676961949,24,44
401215339,2020,13,regular,2020-11-28T17:00:00.000Z,False,True,Georgia State,Sun Belt,30,Georgia Southern,Sun Belt,24,1288.0,1481.0,7.0849790133,6,54
401249892,2020,13,regular,2020-11-28T18:00:00.000Z,False,True,Akron,Mid-American,7,Miami (OH),Mid-American,38,916.0,1355.0,1.2361118175,-31,45
401215340,2020,13,regular,2020-11-28T20:00:00.000Z,False,True,UL Monroe,Sun Belt,20,Louisiana,Sun Belt,70,1024.0,1657.0,0.4689824685,-50,90
401215337,2020,13,regular,2020-11-28T20:00:00.000Z,False,True,Arkansas State,Sun Belt,31,South Alabama,Sun Belt,38,1271.0,1190.0,7.6731385881,-7,69
401207191,2020,13,regular,2020-11-28T20:00:00.000Z,False,True,UTSA,Conference USA,49,North Texas,Conference USA,17,1320.0,1296.0,3.901059665,32,66
401215338,2020,13,regular,2020-11-28T20:00:00.000Z,False,True,Texas State,Sun Belt,14,Coastal Carolina,Sun Belt,49,1197.0,1662.0,1.2268785469,-35,63
401247330,2020,13,regular,2020-11-28T20:30:00.000Z,False,True,Michigan State,Big Ten,29,Northwestern,Big Ten,20,1395.0,1656.0,9.8298628037,9,49
401234651,2020,13,regular,2020-11-28T20:30:00.000Z,False,True,Clemson,ACC,52,Pittsburgh,ACC,17,2135.0,1587.0,1.4094483131,35,69
401237142,2020,13,regular,2020-11-28T20:30:00.000Z,False,True,Alabama,SEC,42,Auburn,SEC,13,2233.0,1866.0,1.6357707691,29,55
401215336,2020,13,regular,2020-11-28T20:30:00.000Z,False,True,App State,Sun Belt,47,Troy,Sun Belt,10,1656.0,1447.0,1.6715591955,37,57
401247328,2020,13,regular,2020-11-28T21:00:00.000Z,False,True,Purdue,Big Ten,30,Rutgers,Big Ten,37,1503.0,1312.0,5.5446735463,-7,67
401237147,2020,13,regular,2020-11-28T21:00:00.000Z,False,True,Ole Miss,SEC,31,Mississippi State,SEC,24,1596.0,1463.0,5.4695054294,7,55
401234649,2020,13,regular,2020-11-28T21:00:00.000Z,False,True,Boston College,ACC,34,Louisville,ACC,27,1513.0,1529.0,5.1526806357,7,61
401265734,2020,13,regular,2020-11-28T22:37:00.000Z,False,False,Colorado,Pac-12,20,San Diego State,Mountain West,10,1422.0,1651.0,6.2725442871,10,30
401237146,2020,13,regular,2020-11-29T00:00:00.000Z,False,True,Texas A&M,SEC,20,LSU,SEC,7,1762.0,1825.0,3.0287235101,13,27
401264080,2020,13,regular,2020-11-29T00:00:00.000Z,False,True,Navy,American Athletic,7,Memphis,American Athletic,10,1343.0,1585.0,5.6468954232,-3,17
401234652,2020,13,regular,2020-11-29T00:00:00.000Z,False,True,Georgia Tech,ACC,56,Duke,ACC,33,1247.0,1424.0,8.2312713052,23,89
401236028,2020,13,regular,2020-11-29T00:00:00.000Z,False,True,Baylor,Big 12,32,Kansas State,Big 12,31,1666.0,1486.0,8.099742979,1,63
401237145,2020,13,regular,2020-11-29T00:30:00.000Z,False,True,South Carolina,SEC,16,Georgia,SEC,45,1402.0,1848.0,0.6614678321,-29,61
401265458,2020,13,regular,2020-11-29T00:30:00.000Z,False,True,Washington,Pac-12,24,Utah,Pac-12,21,1756.0,1668.0,6.864352376,3,45
401249421,2020,13,regular,2020-11-29T01:00:00.000Z,False,True,UCLA,Pac-12,27,Arizona,Pac-12,10,1482.0,1388.0,4.6354337956,17,37
401236030,2020,13,regular,2020-11-29T01:00:00.000Z,False,True,Kansas,Big 12,23,TCU,Big 12,59,1024.0,1574.0,0.6009701682,-36,82
401249024,2020,13,regular,2020-11-29T04:00:00.000Z,False,True,Hawai'i,Mountain West,24,Nevada,Mountain West,21,1411.0,1416.0,7.8189014495,3,45
401265703,2020,14,regular,2020-12-03T23:00:00.000Z,False,True,North Texas,Conference USA,31,Louisiana Tech,Conference USA,42,1212.0,1433.0,4.1402472947,-11,73
401249029,2020,14,regular,2020-12-04T02:30:00.000Z,False,True,Utah State,Mountain West,7,Air Force,Mountain West,35,1260.0,1645.0,2.1345768786,-28,42
401252117,2020,14,regular,2020-12-05T01:30:00.000Z,False,True,App State,Sun Belt,21,Louisiana,Sun Belt,24,1734.0,1725.0,6.3852255903,-3,45
401265818,2020,14,regular,2020-12-05T17:00:00.000Z,False,True,Missouri,SEC,50,Arkansas,SEC,48,1629.0,1406.0,9.1381994261,2,98
401237150,2020,14,regular,2020-12-05T17:00:00.000Z,False,True,Auburn,SEC,20,Texas A&M,SEC,31,1831.0,1793.0,5.0095703236,-11,51
401236036,2020,14,regular,2020-12-05T17:00:00.000Z,False,True,Kansas State,Big 12,31,Texas,Big 12,69,1491.0,1797.0,1.8064516045,-38,100
401257812,2020,14,regular,2020-12-05T17:00:00.000Z,False,True,Marshall,Conference USA,0,Rice,Conference USA,20,1676.0,1330.0,3.3930439972,-20,20
401248781,2020,14,regular,2020-12-05T17:00:00.000Z,False,False,North Carolina,ACC,49,Western Carolina,Southern,9,,,1.0259246464,40,58
401247335,2020,14,regular,2020-12-05T17:00:00.000Z,False,True,Purdue,Big Ten,27,Nebraska,Big Ten,37,1474.0,1489.0,4.5781429901,-10,64
401247336,2020,14,regular,2020-12-05T17:00:00.000Z,False,True,Rutgers,Big Ten,7,Penn State,Big Ten,23,1341.0,1679.0,1.9413465056,-16,30
401236037,2020,14,regular,2020-12-05T17:00:00.000Z,False,True,TCU,Big 12,29,Oklahoma State,Big 12,22,1610.0,1634.0,9.7179421346,7,51
401236035,2020,14,regular,2020-12-05T17:00:00.000Z,False,True,Texas Tech,Big 12,16,Kansas,Big 12,13,1436.0,988.0,2.7668628242,3,29
401264082,2020,14,regular,2020-12-05T17:00:00.000Z,False,True,Tulane,American Athletic,35,Memphis,American Athletic,21,1678.0,1576.0,5.7550970773,14,56
401247340,2020,14,regular,2020-12-05T17:00:00.000Z,False,True,Michigan State,Big Ten,12,Ohio State,Big Ten,52,1429.0,2083.0,0.753885399,-40,64
401249880,2020,14,regular,2020-12-05T17:00:00.000Z,False,True,Northern Illinois,Mid-American,24,Toledo,Mid-American,41,1232.0,1389.0,5.8685130087,-17,65
401249879,2020,14,regular,2020-12-05T19:00:00.000Z,False,True,Western Michigan,Mid-American,42,Eastern Michigan,Mid-American,53,1561.0,1336.0,5.0643982142,-11,95
401249878,2020,14,regular,2020-12-05T19:00:00.000Z,False,True,Central Michigan,Mid-American,20,Ball State,Mid-American,45,1481.0,1430.0,4.1067510798,-25,65
401249881,2020,14,regular,2020-12-05T19:00:00.000Z,False,True,Akron,Mid-American,31,Bowling Green,Mid-American,3,882.0,886.0,3.3751268839,28,34
401262494,2020,14,regular,2020-12-05T19:00:00.000Z,False,True,South Alabama,Sun Belt,0,Troy,Sun Belt,29,1210.0,1369.0,2.1847400869,-29,29
401234662,2020,14,regular,2020-12-05T19:30:00.000Z,False,True,Notre Dame,FBS Independents,45,Syracuse,ACC,21,1970.0,1279.0,1.7581196609,24,66
401262493,2020,14,regular,2020-12-05T20:00:00.000Z,False,True,Arkansas State,Sun Belt,48,UL Monroe,Sun Belt,15,1251.0,956.0,1.7993081483,33,63
401264083,2020,14,regular,2020-12-05T20:30:00.000Z,False,True,Navy,American Athletic,6,Tulsa,American Athletic,19,1352.0,1526.0,4.2803184943,-13,25
401236034,2020,14,regular,2020-12-05T20:30:00.000Z,False,True,Iowa State,Big 12,42,West Virginia,Big 12,6,1819.0,1652.0,2.7754710953,36,48
401234656,2020,14,regular,2020-12-05T20:30:00.000Z,False,True,Virginia,ACC,43,Boston College,ACC,32,1541.0,1523.0,4.8846435798,11,75
401247337,2020,14,regular,2020-12-05T20:30:00.000Z,False,True,Illinois,Big Ten,21,Iowa,Big Ten,35,1407.0,1921.0,4.0626100614,-14,56
401247338,2020,14,regular,2020-12-05T20:30:00.000Z,False,True,Wisconsin,Big Ten,6,Indiana,Big Ten,14,1949.0,1703.0,5.2890686384,-8,20
401237151,2020,14,regular,2020-12-05T20:30:00.000Z,False,True,Tennessee,SEC,19,Florida,SEC,31,1469.0,1901.0,2.4844534956,-12,50
401234659,2020,14,regular,2020-12-05T21:00:00.000Z,False,True,NC State,ACC,23,Georgia Tech,ACC,13,1429.0,1324.0,5.6297965428,10,36
401249424,2020,14,regular,2020-12-05T21:00:00.000Z,False,True,Washington,Pac-12,26,Stanford,Pac-12,31,1756.0,1449.0,4.3643968249,-5,57
401237514,2020,14,regular,2020-12-05T22:30:00.000Z,False,False,Coastal Carolina,Sun Belt,22,BYU,FBS Independents,17,1705.0,1967.0,6.0347994713,5,39
401249033,2020,14,regular,2020-12-05T23:00:00.000Z,False,True,San José State,Mountain West,35,Hawai'i,Mountain West,24,1486.0,1412.0,3.6909448204,11,59
401261675,2020,14,regular,2020-12-05T23:00:00.000Z,False,False,Georgia Southern,Sun Belt,20,Florida Atlantic,Conference USA,3,1464.0,1653.0,5.5669659936,17,23
401249423,2020,14,regular,2020-12-06T00:00:00.000Z,False,True,California,Pac-12,21,Oregon,Pac-12,17,1425.0,1850.0,8.7098772072,4,38
401249426,2020,14,regular,2020-12-06T00:00:00.000Z,False,True,Arizona,Pac-12,13,Colorado,Pac-12,24,1360.0,1457.0,5.2886111143,-11,37
401249031,2020,14,regular,2020-12-06T00:00:00.000Z,False,True,San Diego State,Mountain West,29,Colorado State,Mountain West,17,1616.0,1346.0,6.2713689092,12,46
401234657,2020,14,regular,2020-12-06T00:30:00.000Z,False,True,Virginia Tech,ACC,10,Clemson,ACC,45,1530.0,2167.0,1.7918340953,-35,55
401237153,2020,14,regular,2020-12-06T00:30:00.000Z,False,True,Kentucky,SEC,41,South Carolina,SEC,18,1537.0,1374.0,2.5120910192,23,59
401236033,2020,14,regular,2020-12-06T01:00:00.000Z,False,True,Oklahoma,Big 12,27,Baylor,Big 12,14,1959.0,1661.0,2.5210442999,13,41
401266134,2020,14,regular,2020-12-06T01:00:00.000Z,False,True,Duke,ACC,0,Miami,ACC,48,1347.0,1660.0,1.5851261689,-48,48
401265817,2020,14,regular,2020-12-06T01:00:00.000Z,False,True,LSU,SEC,17,Alabama,SEC,55,1794.0,2268.0,0.2434398952,-38,72
401249032,2020,14,regular,2020-12-06T02:00:00.000Z,False,True,Nevada,Mountain West,37,Fresno State,Mountain West,26,1415.0,1517.0,7.3749977495,11,63
401249422,2020,14,regular,2020-12-06T03:30:00.000Z,False,True,Utah,Pac-12,30,Oregon State,Pac-12,24,1668.0,1423.0,3.8005661847,6,54
401249034,2020,14,regular,2020-12-06T03:30:00.000Z,False,True,New Mexico,Mountain West,17,Wyoming,Mountain West,16,1160.0,1603.0,5.3522201338,1,33
401249425,2020,14,regular,2020-12-06T03:30:00.000Z,False,True,Arizona State,Pac-12,18,UCLA,Pac-12,25,1550.0,1510.0,8.4782980237,-7,43
401266789,2020,14,regular,2020-12-06T17:00:00.000Z,False,True,Charlotte,Conference USA,19,Western Kentucky,Conference USA,37,1340.0,1368.0,3.0985038618,-18,56
401249427,2020,14,regular,2020-12-07T00:30:00.000Z,False,True,USC,Pac-12,38,Washington State,Pac-12,13,1639.0,1600.0,1.7769768475,25,51
401257813,2020,15,regular,2020-12-10T23:30:00.000Z,False,True,Southern Miss,Conference USA,45,Florida Atlantic,Conference USA,31,1226.0,1596.0,6.0849586773,14,76
401261245,2020,15,regular,2020-12-11T00:00:00.000Z,False,True,Georgia Tech,ACC,20,Pittsburgh,ACC,34,1314.0,1555.0,4.3417576667,-14,54
401257816,2020,15,regular,2020-12-11T23:00:00.000Z,False,True,UTEP,Conference USA,43,North Texas,Conference USA,45,1079.0,1208.0,6.3436529486,-2,88
401249429,2020,15,regular,2020-12-12T00:00:00.000Z,False,True,Arizona,Pac-12,7,Arizona State,Pac-12,70,1345.0,1534.0,0.7917582203,-63,77
401249037,2020,15,regular,2020-12-12T03:00:00.000Z,False,True,San José State,Mountain West,30,Nevada,Mountain West,20,1500.0,1443.0,5.3459411261,10,50
401247344,2020,15,regular,2020-12-12T17:00:00.000Z,False,True,Northwestern,Big Ten,28,Illinois,Big Ten,10,1622.0,1420.0,3.1566104631,18,38
401247345,2020,15,regular,2020-12-12T17:00:00.000Z,False,True,Nebraska,Big Ten,17,Minnesota,Big Ten,24,1508.0,1622.0,6.5638452253,-7,41
401247346,2020,15,regular,2020-12-12T17:00:00.000Z,False,True,Penn State,Big Ten,39,Michigan State,Big Ten,24,1684.0,1393.0,5.7924892711,15,63
401249428,2020,15,regular,2020-12-12T17:00:00.000Z,False,True,Colorado,Pac-12,21,Utah,Pac-12,38,1472.0,1664.0,5.8906383737,-17,59
401247342,2020,15,regular,2020-12-12T17:00:00.000Z,False,True,Maryland,Big Ten,24,Rutgers,Big Ten,27,1324.0,1336.0,9.8784420787,-3,51
401266696,2020,15,regular,2020-12-12T17:00:00.000Z,False,True,Louisville,ACC,45,Wake Forest,ACC,21,1519.0,1606.0,5.5348373843,24,66
401249884,2020,15,regular,2020-12-12T17:00:00.000Z,False,True,Eastern Michigan,Mid-American,41,Northern Illinois,Mid-American,33,1381.0,1207.0,3.8947960396,8,74
401267161,2020,15,regular,2020-12-12T17:00:00.000Z,False,True,Missouri,SEC,14,Georgia,SEC,49,1627.0,1876.0,2.0061846112,-35,63
401267164,2020,15,regular,2020-12-12T17:00:00.000Z,False,True,Arkansas,SEC,3,Alabama,SEC,52,1408.0,2319.0,0.5431420528,-49,55
401249885,2020,15,regular,2020-12-12T17:00:00.000Z,False,True,Ball State,Mid-American,30,Western Michigan,Mid-American,27,1503.0,1516.0,7.4814175072,3,57
401257815,2020,15,regular,2020-12-12T18:00:00.000Z,False,True,Rice,Conference USA,16,UAB,Conference USA,21,1424.0,1503.0,5.5192406025,-5,37
401249886,2020,15,regular,2020-12-12T19:30:00.000Z,False,True,Buffalo,Mid-American,56,Akron,Mid-American,7,1696.0,956.0,1.1542518702,49,63
401259671,2020,15,regular,2020-12-12T20:00:00.000Z,False,True,Troy,Sun Belt,38,Coastal Carolina,Sun Belt,42,1430.0,1722.0,4.5514086263,-4,80
401249883,2020,15,regular,2020-12-12T20:00:00.000Z,False,True,Toledo,Mid-American,24,Central Michigan,Mid-American,23,1414.0,1408.0,8.1808928691,1,47
401207203,2020,15,regular,2020-12-12T20:00:00.000Z,True,False,Army,FBS Independents,15,Navy,American Athletic,0,1554.0,1339.0,4.1640130362,15,15
401234661,2020,15,regular,2020-12-12T20:30:00.000Z,False,True,Miami,ACC,26,North Carolina,ACC,62,1764.0,1757.0,2.3388947311,-36,88
401264084,2020,15,regular,2020-12-12T20:30:00.000Z,False,True,Memphis,American Athletic,30,Houston,American Athletic,27,1556.0,1530.0,5.7690185598,3,57
401247347,2020,15,regular,2020-12-12T20:30:00.000Z,False,True,Iowa,Big Ten,28,Wisconsin,Big Ten,7,1908.0,1912.0,6.7901781288,21,35
401250713,2020,15,regular,2020-12-12T20:30:00.000Z,False,True,Baylor,Big 12,3,Oklahoma State,Big 12,42,1659.0,1623.0,1.762579316,-39,45
401267163,2020,15,regular,2020-12-12T21:00:00.000Z,False,True,Vanderbilt,SEC,17,Tennessee,SEC,42,1113.0,1479.0,2.3872004914,-25,59
401266694,2020,15,regular,2020-12-12T21:00:00.000Z,False,True,Florida State,ACC,56,Duke,ACC,35,1232.0,1243.0,3.5346343668,21,91
401249035,2020,15,regular,2020-12-12T23:00:00.000Z,False,True,Wyoming,Mountain West,9,Boise State,Mountain West,17,1591.0,1701.0,3.8738726681,-8,26
401215309,2020,15,regular,2020-12-12T23:00:00.000Z,False,True,Georgia Southern,Sun Belt,26,App State,Sun Belt,34,1521.0,1729.0,6.8390484562,-8,60
401251100,2020,15,regular,2020-12-13T00:00:00.000Z,False,True,Florida,SEC,34,LSU,SEC,37,1891.0,1743.0,10.2613616798,-3,71
401266711,2020,15,regular,2020-12-13T00:00:00.000Z,False,False,TCU,Big 12,52,Louisiana Tech,Conference USA,10,1621.0,1437.0,1.5728035815,42,62
401260157,2020,15,regular,2020-12-13T00:30:00.000Z,False,True,Mississippi State,SEC,10,Auburn,SEC,24,1461.0,1804.0,5.152536809,-14,34
401249431,2020,15,regular,2020-12-13T00:30:00.000Z,False,True,UCLA,Pac-12,38,USC,Pac-12,43,1526.0,1698.0,8.3089845629,-5,81
401234572,2020,15,regular,2020-12-13T01:00:00.000Z,False,True,Virginia Tech,ACC,33,Virginia,ACC,15,1506.0,1559.0,3.8051816691,18,48
401249432,2020,15,regular,2020-12-13T03:00:00.000Z,False,True,Oregon State,Pac-12,24,Stanford,Pac-12,27,1427.0,1481.0,8.2901095744,-3,51
401249435,2020,15,regular,2020-12-13T03:00:00.000Z,False,False,BYU,FBS Independents,28,San Diego State,Mountain West,14,1950.0,1618.0,4.5597478229,14,42
401249036,2020,15,regular,2020-12-13T03:30:00.000Z,False,True,New Mexico,Mountain West,49,Fresno State,Mountain West,39,1172.0,1489.0,6.0220047178,10,88
401249038,2020,15,regular,2020-12-13T04:00:00.000Z,False,True,Hawai'i,Mountain West,38,UNLV,Mountain West,21,1398.0,1149.0,2.3619044448,17,59
401240101,2020,16,regular,2020-12-19T00:00:00.000Z,False,True,Marshall,Conference USA,13,UAB,Conference USA,22,1582.0,1506.0,5.2927092605,-9,35
401249854,2020,16,regular,2020-12-19T00:30:00.000Z,True,True,Buffalo,Mid-American,28,Ball State,Mid-American,38,1747.0,1504.0,4.3374895522,-10,66
401269382,2020,16,regular,2020-12-19T00:30:00.000Z,False,True,Rutgers,Big Ten,21,Nebraska,Big Ten,28,1340.0,1504.0,8.0057054307,-7,49
401249434,2020,16,regular,2020-12-19T01:00:00.000Z,False,True,USC,Pac-12,24,Oregon,Pac-12,31,1695.0,1833.0,5.4332473205,-7,55
401262060,2020,16,regular,2020-12-19T17:00:00.000Z,True,True,Iowa State,Big 12,21,Oklahoma,Big 12,27,1899.0,1961.0,4.3456147351,-6,48
401247349,2020,16,regular,2020-12-19T17:00:00.000Z,True,True,Ohio State,Big Ten,22,Northwestern,Big Ten,10,2119.0,1643.0,6.7866416874,12,32
401260158,2020,16,regular,2020-12-19T17:00:00.000Z,False,True,Tennessee,SEC,13,Texas A&M,SEC,34,1504.0,1820.0,2.6567450056,-21,47
401269375,2020,16,regular,2020-12-19T18:30:00.000Z,False,True,Utah,Pac-12,45,Washington State,Pac-12,28,1685.0,1541.0,7.8360675014,17,73
401265699,2020,16,regular,2020-12-19T20:00:00.000Z,False,False,Army,FBS Independents,10,Air Force,Mountain West,7,1573.0,1677.0,5.8485539257,3,17
401267166,2020,16,regular,2020-12-19T20:30:00.000Z,False,True,Mississippi State,SEC,51,Missouri,SEC,32,1460.0,1558.0,3.455649504,19,83
401267165,2020,16,regular,2020-12-19T20:30:00.000Z,False,True,LSU,SEC,53,Ole Miss,SEC,48,1757.0,1598.0,8.7585215722,5,101
401269384,2020,16,regular,2020-12-19T21:00:00.000Z,False,True,Wisconsin,Big Ten,20,Minnesota,Big Ten,17,1862.0,1626.0,6.8482431475,3,37
401256001,2020,16,regular,2020-12-19T21:00:00.000Z,True,True,Notre Dame,FBS Independents,10,Clemson,ACC,34,1962.0,2191.0,1.915076699,-24,44
401249043,2020,16,regular,2020-12-19T21:40:00.000Z,True,True,San José State,Mountain West,34,Boise State,Mountain West,20,1513.0,1708.0,7.3441335025,14,54
401269381,2020,16,regular,2020-12-19T22:30:00.000Z,False,True,Penn State,Big Ten,56,Illinois,Big Ten,21,1691.0,1399.0,2.3321812097,35,77
401269376,2020,16,regular,2020-12-20T00:00:00.000Z,False,True,UCLA,Pac-12,47,Stanford,Pac-12,48,1529.0,1482.0,8.4097108547,-1,95
401237074,2020,16,regular,2020-12-20T01:00:00.000Z,True,True,Florida,SEC,46,Alabama,SEC,52,1877.0,2351.0,3.2077818297,-6,98
401264085,2020,16,regular,2020-12-20T01:00:00.000Z,False,True,Cincinnati,American Athletic,27,Tulsa,American Athletic,24,1935.0,1539.0,5.2550787629,3,51
401269378,2020,16,regular,2020-12-20T03:30:00.000Z,False,True,Oregon State,Pac-12,33,Arizona State,Pac-12,46,1426.0,1712.0,2.6153868281,-13,79
401256135,2020,1,postseason,2020-12-21T19:30:00.000Z,True,False,North Texas,Conference USA,28,App State,Sun Belt,56,1204.0,1728.0,1.3341056816,-28,84
401256136,2020,1,postseason,2020-12-22T20:30:00.000Z,True,False,Nevada,Mountain West,38,Tulane,American Athletic,27,1430.0,1698.0,4.6608023545,11,65
401256137,2020,1,postseason,2020-12-23T00:00:00.000Z,True,False,BYU,FBS Independents,49,UCF,American Athletic,23,1951.0,1776.0,2.1760298883,26,72
401256138,2020,1,postseason,2020-12-23T20:00:00.000Z,True,False,Georgia Southern,Sun Belt,38,Louisiana Tech,Conference USA,3,1522.0,1339.0,2.4478558874,35,41
401256139,2020,1,postseason,2020-12-24T00:00:00.000Z,True,False,Florida Atlantic,Conference USA,10,Memphis,American Athletic,25,1532.0,1557.0,3.0713238078,-15,35
401256140,2020,1,postseason,2020-12-24T20:30:00.000Z,True,False,Houston,American Athletic,14,Hawai'i,Mountain West,28,1529.0,1413.0,3.4081005787,-14,42
401256141,2020,1,postseason,2020-12-25T19:30:00.000Z,True,False,Buffalo,Mid-American,17,Marshall,Conference USA,10,1712.0,1557.0,9.1075877397,7,27
401256144,2020,1,postseason,2020-12-26T20:30:00.000Z,True,False,UTSA,Conference USA,24,Louisiana,Sun Belt,31,1404.0,1730.0,3.8174746217,-7,55
401256145,2020,1,postseason,2020-12-26T20:30:00.000Z,True,False,Georgia State,Sun Belt,39,Western Kentucky,Conference USA,21,1305.0,1409.0,3.9327838561,18,60
401256143,2020,1,postseason,2020-12-27T00:30:00.000Z,True,False,Coastal Carolina,Sun Belt,34,Liberty,FBS Independents,37,1710.0,1588.0,7.0867948538,-3,71
401256150,2020,1,postseason,2020-12-29T22:30:00.000Z,True,False,Miami,ACC,34,Oklahoma State,Big 12,37,1657.0,1745.0,6.5895228009,-3,71
401256151,2020,1,postseason,2020-12-30T02:00:00.000Z,True,False,Colorado,Pac-12,23,Texas,Big 12,55,1451.0,1868.0,2.8198966098,-32,78
401256152,2020,1,postseason,2020-12-30T17:00:00.000Z,True,False,Wisconsin,Big Ten,42,Wake Forest,ACC,28,1860.0,1536.0,6.0662419872,14,70
401256194,2020,1,postseason,2020-12-31T01:00:00.000Z,True,False,Oklahoma,Big 12,55,Florida,SEC,20,1963.0,1899.0,5.0837573881,35,75
401256196,2020,1,postseason,2020-12-31T17:00:00.000Z,True,False,Mississippi State,SEC,28,Tulsa,American Athletic,26,1514.0,1543.0,7.1476226006,2,54
401268773,2020,1,postseason,2020-12-31T19:00:00.000Z,True,False,San José State,Mountain West,13,Ball State,Mid-American,34,1568.0,1539.0,2.5606984591,-21,47
401256197,2020,1,postseason,2020-12-31T21:00:00.000Z,True,False,Army,FBS Independents,21,West Virginia,Big 12,24,1575.0,1572.0,8.3341221205,-3,45
401256108,2020,1,postseason,2021-01-01T17:00:00.000Z,True,False,Georgia,SEC,24,Cincinnati,American Athletic,21,1945.0,1931.0,7.3835857511,3,45
401256199,2020,1,postseason,2021-01-01T18:00:00.000Z,True,False,Northwestern,Big Ten,35,Auburn,SEC,19,1651.0,1805.0,5.2579258655,16,54
401240152,2020,1,postseason,2021-01-01T21:00:00.000Z,True,False,Alabama,SEC,31,Notre Dame,FBS Independents,14,2329.0,1932.0,1.8223041546,17,45
401240173,2020,1,postseason,2021-01-02T01:00:00.000Z,True,False,Clemson,ACC,28,Ohio State,Big Ten,49,2221.0,2111.0,2.8921976421,-21,77
401256109,2020,1,postseason,2021-01-02T17:00:00.000Z,True,False,Kentucky,SEC,23,NC State,ACC,21,1576.0,1439.0,6.4005115484,2,44
401256110,2020,1,postseason,2021-01-02T17:30:00.000Z,True,False,Indiana,Big Ten,20,Ole Miss,SEC,26,1740.0,1599.0,6.5142029679,-6,46
401256111,2020,1,postseason,2021-01-02T21:00:00.000Z,True,False,Iowa State,Big 12,34,Oregon,Pac-12,17,1897.0,1836.0,4.4266759647,17,51
401256112,2020,1,postseason,2021-01-03T01:00:00.000Z,True,False,North Carolina,ACC,27,Texas A&M,SEC,41,1864.0,1840.0,7.2782176951,-14,68
401240174,2020,1,postseason,2021-01-12T01:00:00.000Z,True,False,Alabama,SEC,52,Ohio State,Big Ten,24,2337.0,2169.0,3.0653497381,28,76
401321794,2020,20,postseason,2021-04-24T18:00:00.000Z,False,False,James Madison,CAA,31,VMI,Southern,24,,,,7,55
401322680,2020,20,postseason,2021-05-02T22:00:00.000Z,False,False,James Madison,CAA,34,North Dakota,MVFC,21,,,,13,55
401324093,2020,20,postseason,2021-05-08T18:30:00.000Z,False,False,Sam Houston,Southland,38,James Madison,CAA,35,,,,3,73
401325471,2020,20,postseason,2021-05-16T18:00:00.000Z,True,False,South Dakota State,MVFC,21,Sam Houston,Southland,23,,,,-2,44
